id,body_type,diet,transport,vehicle_monthly_km,energy_source,monthly_grocery_inr,social_activity,flights_per_year,home_size,recycles,heating_cooling_usage,new_clothes_monthly,internet_hours_daily,carbon_footprint_kg_year
1,underweight,vegan,private car,18.7,natural gas,7655.0,sometimes,2,large,never,always,1,9.1,7717.47
2,obese,vegan,walk/cycle,0.0,renewable,2092.0,sometimes,3,large,always,never,8,1.6,4149.16
3,normal,omnivore,public transport,0.0,mixed,7063.0,often,0,small,often,sometimes,4,7.6,3730.09
4,normal,vegetarian,private car,9.2,renewable,3130.0,rarely,6,small,sometimes,sometimes,9,6.8,9262.1
5,overweight,vegan,motorbike,21.6,renewable,3039.0,always,1,large,sometimes,always,5,7.7,3928.6
6,normal,vegan,walk/cycle,0.0,natural gas,3565.0,often,1,small,never,often,4,6.0,3246.89
7,obese,pescatarian,public transport,0.0,coal,6496.0,often,3,large,sometimes,never,9,3.2,8389.38
8,normal,vegetarian,public transport,0.0,mixed,1325.0,always,4,large,always,rarely,10,7.7,6433.19
9,overweight,vegan,public transport,0.0,renewable,2194.0,often,6,medium,never,rarely,9,1.7,7506.66
10,overweight,vegetarian,motorbike,4.9,mixed,5790.0,always,2,medium,rarely,rarely,8,5.8,5689.9
11,overweight,omnivore,motorbike,6.1,coal,4466.0,sometimes,2,large,often,never,0,1.4,7536.08
12,underweight,vegetarian,public transport,0.0,mixed,5638.0,rarely,6,medium,always,often,8,4.4,7772.39
13,overweight,vegan,walk/cycle,0.0,coal,4640.0,often,1,medium,often,rarely,7,7.0,4275.84
14,underweight,pescatarian,public transport,0.0,renewable,7453.0,often,10,large,always,rarely,2,2.0,11178.6
15,overweight,vegetarian,walk/cycle,0.0,coal,2372.0,always,0,small,sometimes,sometimes,3,1.5,3196.06
16,underweight,vegetarian,walk/cycle,0.0,renewable,2899.0,always,1,large,rarely,rarely,10,10.1,3139.54
17,obese,vegetarian,private car,17.8,mixed,2967.0,sometimes,8,large,rarely,sometimes,6,7.0,12754.66
18,overweight,omnivore,motorbike,3.7,renewable,7908.0,sometimes,3,small,sometimes,never,9,9.5,6512.34
19,normal,vegetarian,walk/cycle,0.0,renewable,2391.0,rarely,3,small,never,sometimes,1,1.1,4247.87
20,normal,pescatarian,motorbike,36.5,natural gas,6399.0,sometimes,9,large,often,rarely,7,1.8,12916.98
21,obese,vegetarian,walk/cycle,0.0,renewable,3509.0,always,5,medium,often,often,0,2.3,5844.26
22,underweight,vegan,motorbike,16.5,coal,1445.0,rarely,3,small,rarely,always,7,4.4,7176.61
23,normal,omnivore,public transport,0.0,coal,3276.0,always,3,small,often,always,1,9.0,7470.32
24,underweight,vegan,walk/cycle,0.0,natural gas,4306.0,sometimes,6,medium,often,rarely,6,2.3,7605.32
25,underweight,vegetarian,motorbike,35.7,renewable,6325.0,always,4,medium,sometimes,often,8,7.2,6990.19
26,obese,vegetarian,public transport,0.0,coal,4659.0,sometimes,0,large,always,never,5,5.7,4669.85
27,underweight,vegan,motorbike,1.3,natural gas,1755.0,rarely,8,small,rarely,never,9,1.3,10263.63
28,underweight,vegetarian,motorbike,25.4,renewable,7353.0,sometimes,9,large,never,always,1,3.7,12072.02
29,obese,pescatarian,private car,20.5,natural gas,6289.0,often,3,medium,often,rarely,10,3.5,8668.57
30,overweight,omnivore,private car,8.1,renewable,7508.0,rarely,7,large,always,never,1,9.9,10958.76
31,normal,pescatarian,public transport,0.0,coal,5434.0,rarely,3,medium,sometimes,rarely,7,10.6,7508.85
32,overweight,vegan,private car,44.6,renewable,4775.0,sometimes,4,small,never,always,2,9.9,8143.74
33,overweight,pescatarian,public transport,0.0,coal,7273.0,sometimes,10,large,sometimes,always,7,4.5,13944.22
34,overweight,vegan,walk/cycle,0.0,mixed,3990.0,often,0,small,sometimes,rarely,10,10.0,1939.35
35,overweight,vegetarian,motorbike,43.0,mixed,1049.0,rarely,1,small,rarely,always,0,6.6,4259.88
36,overweight,vegetarian,motorbike,6.0,natural gas,3363.0,rarely,4,medium,never,sometimes,3,11.4,7799.05
37,normal,vegan,private car,16.2,mixed,4632.0,sometimes,3,small,rarely,often,0,8.7,7155.0
38,normal,pescatarian,motorbike,48.1,natural gas,2762.0,often,2,large,never,often,0,6.5,7413.43
39,obese,vegetarian,public transport,0.0,mixed,3106.0,often,4,small,rarely,never,10,4.1,6479.73
40,normal,omnivore,private car,25.1,coal,1360.0,rarely,4,medium,always,often,10,4.1,10130.35
41,overweight,vegan,walk/cycle,0.0,coal,7358.0,sometimes,9,medium,never,never,9,3.6,11968.69
42,obese,pescatarian,private car,49.3,mixed,2694.0,rarely,6,large,rarely,sometimes,0,8.4,11543.73
43,obese,vegan,public transport,0.0,coal,6331.0,always,1,large,sometimes,always,5,3.6,5202.15
44,underweight,pescatarian,private car,31.6,mixed,5435.0,often,6,large,sometimes,always,2,6.9,11488.61
45,normal,omnivore,motorbike,4.5,natural gas,6847.0,often,6,large,never,sometimes,4,4.5,11530.84
46,normal,omnivore,private car,0.8,mixed,4585.0,always,7,large,rarely,always,7,3.5,12857.56
47,normal,vegan,private car,32.3,coal,2221.0,rarely,3,large,sometimes,rarely,3,8.6,9186.05
48,normal,vegan,walk/cycle,0.0,natural gas,1963.0,always,9,small,often,often,10,4.8,9770.32
49,normal,omnivore,motorbike,5.7,mixed,7473.0,sometimes,2,large,never,never,6,10.7,7368.18
50,normal,vegetarian,motorbike,40.9,renewable,4886.0,sometimes,1,medium,rarely,often,10,6.8,4446.65
51,overweight,omnivore,motorbike,12.1,mixed,1652.0,sometimes,7,medium,sometimes,rarely,10,10.9,10748.43
52,overweight,omnivore,public transport,0.0,coal,3373.0,always,1,large,sometimes,rarely,4,4.8,6707.09
53,overweight,pescatarian,walk/cycle,0.0,natural gas,6082.0,sometimes,3,medium,rarely,rarely,1,10.9,6351.81
54,obese,omnivore,private car,32.1,mixed,1589.0,always,0,small,often,often,9,2.8,5902.2
55,underweight,omnivore,motorbike,44.9,renewable,5245.0,often,4,medium,often,always,8,1.1,7851.77
56,normal,omnivore,public transport,0.0,coal,1035.0,always,7,small,often,sometimes,10,2.8,10638.22
57,obese,vegetarian,motorbike,27.4,natural gas,5843.0,rarely,6,large,always,never,1,8.2,9275.51
58,obese,vegetarian,motorbike,11.9,natural gas,3278.0,rarely,4,medium,sometimes,rarely,7,9.2,7499.01
59,overweight,pescatarian,motorbike,32.5,coal,6945.0,always,4,small,often,never,8,8.2,8662.06
60,underweight,pescatarian,public transport,0.0,renewable,3574.0,rarely,0,small,rarely,never,9,3.9,2851.83
61,normal,vegetarian,public transport,0.0,mixed,2708.0,rarely,9,small,often,sometimes,5,11.7,10254.01
62,normal,vegan,public transport,0.0,coal,5418.0,rarely,9,small,sometimes,always,10,9.7,11618.57
63,obese,omnivore,public transport,0.0,renewable,4518.0,sometimes,1,large,sometimes,always,1,7.3,4471.49
64,underweight,pescatarian,motorbike,36.1,coal,2965.0,rarely,8,large,sometimes,never,6,1.3,12898.43
65,obese,vegan,motorbike,32.3,coal,2240.0,always,2,medium,rarely,always,10,11.3,6850.69
66,overweight,omnivore,motorbike,48.3,mixed,7745.0,often,5,small,never,sometimes,7,10.4,10036.8
67,normal,omnivore,motorbike,14.7,coal,3696.0,rarely,7,medium,rarely,often,3,10.4,12208.41
68,overweight,pescatarian,private car,27.8,coal,7553.0,often,8,small,always,rarely,1,8.7,12605.31
69,normal,omnivore,motorbike,28.5,natural gas,1680.0,always,10,large,often,often,0,7.8,13856.95
70,underweight,pescatarian,public transport,0.0,mixed,6185.0,sometimes,4,large,always,sometimes,7,8.7,6965.2
71,overweight,omnivore,private car,35.1,coal,3516.0,always,4,medium,sometimes,rarely,1,4.2,11072.84
72,normal,pescatarian,walk/cycle,0.0,natural gas,7070.0,sometimes,3,large,often,sometimes,9,11.0,6639.89
73,overweight,vegan,public transport,0.0,coal,4579.0,sometimes,5,small,sometimes,never,8,6.5,8192.89
74,normal,pescatarian,walk/cycle,0.0,renewable,5914.0,often,2,large,often,never,0,9.8,4488.54
75,overweight,omnivore,motorbike,44.5,mixed,3366.0,often,2,small,sometimes,often,1,5.1,6405.71
76,underweight,omnivore,motorbike,1.8,renewable,4259.0,rarely,2,small,always,sometimes,1,7.0,4746.77
77,normal,vegan,motorbike,14.3,natural gas,5136.0,always,7,medium,sometimes,always,6,1.3,9712.12
78,overweight,vegan,walk/cycle,0.0,natural gas,4656.0,sometimes,4,large,never,rarely,3,9.5,6767.58
79,normal,vegan,public transport,0.0,renewable,2511.0,always,7,large,always,often,4,7.9,8123.96
80,underweight,vegetarian,private car,31.9,coal,6083.0,always,1,large,rarely,sometimes,10,11.7,8704.17
81,normal,omnivore,walk/cycle,0.0,natural gas,4614.0,sometimes,4,small,never,never,2,4.6,7437.43
82,overweight,pescatarian,motorbike,21.9,renewable,1549.0,always,4,large,often,sometimes,8,1.3,7266.1
83,obese,omnivore,walk/cycle,0.0,renewable,7739.0,always,5,large,sometimes,never,1,10.2,7597.23
84,normal,vegan,private car,8.7,renewable,2095.0,sometimes,7,large,often,sometimes,2,3.8,10123.79
85,obese,omnivore,walk/cycle,0.0,mixed,4845.0,often,6,medium,sometimes,never,2,8.9,8447.55
86,overweight,omnivore,motorbike,47.7,coal,6165.0,always,8,small,often,never,5,7.1,12874.85
87,overweight,pescatarian,walk/cycle,0.0,mixed,5282.0,rarely,10,large,often,often,0,5.6,11316.88
88,normal,pescatarian,motorbike,37.9,mixed,1101.0,rarely,3,medium,always,rarely,4,2.3,6114.58
89,obese,omnivore,walk/cycle,0.0,renewable,1322.0,sometimes,2,medium,always,never,8,1.4,4308.26
90,obese,vegan,public transport,0.0,renewable,4319.0,always,1,large,rarely,often,4,2.1,3504.01
91,overweight,omnivore,motorbike,24.6,mixed,4314.0,sometimes,7,large,rarely,often,3,2.9,11170.38
92,normal,vegan,private car,30.8,mixed,5446.0,often,8,medium,never,sometimes,4,1.5,12174.27
93,obese,vegetarian,motorbike,18.7,mixed,5381.0,often,5,large,always,often,7,6.5,7914.35
94,overweight,vegetarian,public transport,0.0,mixed,2141.0,sometimes,6,small,sometimes,often,6,1.8,7931.26
95,obese,vegetarian,motorbike,32.1,renewable,1186.0,sometimes,8,large,sometimes,never,7,7.4,10490.59
96,underweight,omnivore,walk/cycle,0.0,natural gas,3717.0,always,10,small,never,often,4,8.1,13086.17
97,overweight,omnivore,walk/cycle,0.0,coal,4208.0,always,5,large,often,always,0,7.0,9067.2
98,underweight,vegetarian,private car,48.1,natural gas,7337.0,rarely,6,small,never,often,2,3.2,11668.6
99,overweight,vegan,walk/cycle,0.0,coal,1486.0,rarely,4,medium,sometimes,often,2,2.1,6534.57
100,normal,omnivore,public transport,0.0,natural gas,3233.0,sometimes,1,large,often,always,10,10.3,5886.62
101,normal,omnivore,public transport,0.0,natural gas,1163.0,always,10,medium,often,sometimes,10,10.0,12748.16
102,underweight,omnivore,private car,34.8,natural gas,5403.0,rarely,7,medium,always,sometimes,10,10.7,12177.93
103,obese,pescatarian,motorbike,36.8,coal,6624.0,sometimes,6,medium,never,rarely,6,4.1,11686.96
104,overweight,pescatarian,private car,40.3,renewable,7934.0,always,4,small,always,never,9,5.5,8012.54
105,obese,pescatarian,public transport,0.0,coal,3604.0,sometimes,10,small,always,sometimes,10,9.5,12380.24
106,normal,vegan,walk/cycle,0.0,coal,7009.0,always,0,large,sometimes,rarely,1,5.7,3805.25
107,overweight,pescatarian,motorbike,37.5,natural gas,6282.0,sometimes,2,large,sometimes,always,8,2.1,7257.54
108,overweight,vegetarian,private car,41.3,mixed,3240.0,often,5,small,often,never,2,10.9,9202.1
109,normal,omnivore,private car,19.5,renewable,1076.0,always,0,medium,always,never,7,11.0,5121.69
110,overweight,pescatarian,motorbike,47.5,coal,7654.0,rarely,10,small,often,never,9,7.3,13927.18
111,overweight,vegetarian,walk/cycle,0.0,mixed,5423.0,often,10,medium,never,rarely,0,5.9,11379.25
112,underweight,pescatarian,motorbike,33.6,renewable,6267.0,rarely,3,large,rarely,often,7,9.7,6995.73
113,overweight,omnivore,public transport,0.0,mixed,6527.0,rarely,7,large,often,sometimes,0,2.0,9965.77
114,overweight,vegetarian,motorbike,27.5,mixed,4091.0,sometimes,5,small,sometimes,always,10,10.8,8002.47
115,overweight,vegan,motorbike,17.5,coal,1819.0,sometimes,1,medium,never,rarely,10,2.6,5871.53
116,underweight,vegan,private car,5.1,natural gas,1589.0,sometimes,9,small,never,always,3,8.7,13236.63
117,normal,vegetarian,private car,3.6,natural gas,6753.0,rarely,4,small,rarely,always,4,8.8,9188.81
118,normal,vegan,walk/cycle,0.0,natural gas,7631.0,rarely,5,small,always,sometimes,0,11.8,6176.0
119,normal,pescatarian,walk/cycle,0.0,natural gas,6274.0,always,8,small,never,often,7,5.1,10469.14
120,overweight,vegan,motorbike,45.3,natural gas,1778.0,rarely,10,large,sometimes,often,10,6.4,13471.28
121,underweight,vegan,motorbike,0.6,mixed,4281.0,always,10,small,often,often,1,1.6,11018.2
122,underweight,pescatarian,public transport,0.0,renewable,5084.0,sometimes,4,large,always,always,5,11.6,6469.41
123,obese,pescatarian,motorbike,18.7,mixed,3000.0,rarely,1,large,always,rarely,6,10.6,5064.13
124,obese,vegetarian,motorbike,3.7,coal,4877.0,always,6,medium,never,sometimes,6,11.7,10598.24
125,overweight,pescatarian,private car,26.2,natural gas,5406.0,always,1,small,never,never,6,8.7,7653.28
126,underweight,pescatarian,public transport,0.0,renewable,5090.0,often,10,small,often,sometimes,10,10.9,10983.32
127,obese,vegan,private car,2.3,coal,2967.0,often,1,large,always,rarely,2,11.5,6458.27
128,obese,vegetarian,walk/cycle,0.0,coal,5341.0,often,1,medium,always,rarely,6,4.1,4535.93
129,underweight,pescatarian,walk/cycle,0.0,natural gas,2317.0,often,4,medium,sometimes,never,2,6.1,6934.9
130,normal,omnivore,walk/cycle,0.0,natural gas,1544.0,rarely,1,large,always,rarely,6,11.7,4633.78
131,obese,omnivore,private car,49.3,natural gas,5887.0,often,4,large,sometimes,always,9,6.9,11326.77
132,underweight,vegan,public transport,0.0,natural gas,5793.0,rarely,10,small,sometimes,often,10,2.8,11615.23
133,obese,omnivore,motorbike,45.5,mixed,6758.0,often,3,large,never,sometimes,6,11.4,8825.69
134,underweight,pescatarian,motorbike,20.9,coal,7529.0,rarely,3,medium,always,never,0,10.5,7785.05
135,normal,pescatarian,public transport,0.0,natural gas,1317.0,often,4,medium,never,never,7,1.3,7965.77
136,obese,vegetarian,public transport,0.0,mixed,7911.0,sometimes,8,large,sometimes,never,6,2.7,10382.05
137,underweight,omnivore,walk/cycle,0.0,mixed,5159.0,rarely,5,large,often,always,6,5.2,7977.57
138,obese,pescatarian,walk/cycle,0.0,mixed,3904.0,rarely,5,small,always,often,5,4.0,6596.65
139,underweight,omnivore,walk/cycle,0.0,natural gas,1395.0,always,9,medium,always,never,6,10.5,10872.97
140,overweight,pescatarian,public transport,0.0,coal,6383.0,sometimes,1,large,never,always,8,11.4,6680.2
141,normal,pescatarian,private car,42.5,natural gas,2731.0,sometimes,1,small,sometimes,rarely,2,6.0,6724.06
142,normal,vegan,public transport,0.0,mixed,5702.0,always,9,large,often,always,10,7.8,10718.38
143,overweight,pescatarian,public transport,0.0,mixed,3507.0,rarely,7,medium,sometimes,sometimes,9,2.2,9600.33
144,underweight,pescatarian,walk/cycle,0.0,coal,6406.0,always,7,small,never,sometimes,4,6.7,10914.41
145,underweight,vegan,motorbike,42.6,mixed,4863.0,rarely,7,large,rarely,sometimes,9,7.2,10472.32
146,obese,vegetarian,walk/cycle,0.0,mixed,1938.0,rarely,5,large,never,always,10,1.3,7655.64
147,normal,vegan,public transport,0.0,mixed,6286.0,always,8,large,always,rarely,5,7.8,9132.49
148,overweight,pescatarian,motorbike,6.8,mixed,1102.0,often,10,large,never,sometimes,1,4.9,13439.01
149,overweight,vegan,motorbike,29.5,coal,3746.0,often,10,large,rarely,sometimes,1,5.8,13991.03
150,normal,pescatarian,private car,25.7,mixed,6486.0,sometimes,9,large,never,sometimes,8,5.4,14811.43
151,obese,pescatarian,public transport,0.0,renewable,5355.0,always,8,medium,never,sometimes,4,10.5,10390.54
152,normal,vegetarian,private car,12.9,mixed,4214.0,sometimes,3,small,rarely,never,4,11.8,7706.82
153,underweight,vegan,private car,24.6,natural gas,3301.0,always,2,small,rarely,always,2,8.0,6914.13
154,obese,vegan,motorbike,6.4,coal,1896.0,sometimes,7,large,sometimes,often,3,2.7,10636.11
155,normal,pescatarian,motorbike,6.9,natural gas,5486.0,often,10,large,often,often,4,3.0,13201.68
156,obese,omnivore,public transport,0.0,natural gas,4318.0,sometimes,4,small,often,sometimes,8,8.3,7628.18
157,underweight,vegan,private car,8.6,renewable,2346.0,sometimes,4,medium,always,rarely,6,1.4,6731.93
158,underweight,vegetarian,motorbike,8.9,coal,1621.0,rarely,6,small,often,always,5,2.3,9161.62
159,normal,omnivore,walk/cycle,0.0,coal,4225.0,sometimes,0,medium,never,sometimes,2,3.3,5012.87
160,normal,vegan,private car,34.5,mixed,1275.0,sometimes,7,medium,always,never,1,9.8,9609.72
161,underweight,pescatarian,public transport,0.0,natural gas,5395.0,always,1,medium,rarely,sometimes,1,1.9,4999.53
162,underweight,vegetarian,motorbike,40.3,mixed,6238.0,rarely,1,medium,always,always,0,3.0,4407.69
163,normal,vegetarian,private car,10.5,mixed,3593.0,rarely,9,medium,rarely,always,6,6.3,12885.27
164,normal,vegan,private car,23.1,renewable,6232.0,rarely,6,medium,never,often,5,1.4,10127.13
165,overweight,vegan,private car,12.6,renewable,5993.0,often,3,large,never,always,5,10.8,8008.48
166,normal,vegan,private car,5.4,coal,4132.0,sometimes,10,medium,often,rarely,2,6.9,14075.21
167,underweight,omnivore,walk/cycle,0.0,coal,2697.0,sometimes,0,small,never,sometimes,4,4.0,4666.81
168,obese,omnivore,private car,16.1,renewable,2480.0,sometimes,4,medium,never,sometimes,4,4.6,9324.33
169,underweight,pescatarian,motorbike,6.0,mixed,7234.0,always,6,medium,rarely,often,7,7.5,9798.27
170,overweight,pescatarian,walk/cycle,0.0,mixed,4489.0,rarely,6,large,rarely,always,4,2.0,8785.21
171,overweight,vegan,walk/cycle,0.0,coal,4760.0,often,4,medium,always,often,2,7.5,6246.16
172,obese,pescatarian,motorbike,6.4,renewable,2986.0,often,9,medium,sometimes,never,1,5.0,11186.34
173,obese,pescatarian,public transport,0.0,renewable,5521.0,sometimes,9,large,often,never,2,7.3,10470.54
174,underweight,vegetarian,private car,5.1,coal,2070.0,always,9,small,always,rarely,10,3.7,12771.41
175,obese,pescatarian,private car,8.0,mixed,2306.0,rarely,9,small,always,sometimes,6,4.1,11848.82
176,overweight,pescatarian,public transport,0.0,renewable,3873.0,rarely,2,medium,always,often,8,11.8,4320.81
177,underweight,pescatarian,private car,5.6,mixed,3785.0,sometimes,9,medium,often,rarely,1,11.7,12658.23
178,normal,vegan,motorbike,12.9,natural gas,2196.0,always,1,large,sometimes,sometimes,1,8.4,4902.47
179,overweight,pescatarian,public transport,0.0,natural gas,7506.0,often,8,small,never,rarely,2,7.1,11055.89
180,normal,omnivore,walk/cycle,0.0,coal,6386.0,often,7,large,rarely,always,1,3.1,11626.2
181,underweight,pescatarian,motorbike,16.2,mixed,3978.0,always,6,large,never,rarely,5,6.6,10089.11
182,underweight,omnivore,motorbike,30.5,coal,3020.0,sometimes,8,large,always,rarely,2,7.4,12311.39
183,obese,vegan,walk/cycle,0.0,natural gas,2081.0,often,2,small,sometimes,rarely,5,6.3,3908.42
184,overweight,vegan,private car,16.8,natural gas,1941.0,often,2,large,sometimes,always,8,1.7,7327.86
185,underweight,vegetarian,public transport,0.0,natural gas,7930.0,often,9,small,never,never,0,4.5,11551.2
186,overweight,vegetarian,motorbike,34.1,renewable,6322.0,always,10,large,sometimes,sometimes,7,7.6,12571.96
187,normal,omnivore,private car,23.6,mixed,3883.0,rarely,0,small,often,often,7,4.8,5827.12
188,obese,vegetarian,private car,9.1,natural gas,1465.0,often,5,large,sometimes,often,2,9.2,10047.07
189,overweight,vegan,private car,28.7,natural gas,6893.0,always,1,medium,often,rarely,2,2.5,6038.16
190,underweight,vegan,private car,8.2,mixed,2150.0,always,3,small,sometimes,always,5,10.0,6909.72
191,normal,vegetarian,motorbike,33.3,mixed,4661.0,always,4,medium,never,never,6,4.9,7721.02
192,obese,vegetarian,public transport,0.0,coal,6716.0,rarely,0,medium,often,always,10,5.8,4644.44
193,obese,pescatarian,walk/cycle,0.0,renewable,3639.0,always,2,medium,sometimes,often,5,6.1,4236.04
194,underweight,omnivore,walk/cycle,0.0,natural gas,4519.0,often,8,medium,never,often,8,3.6,11475.42
195,obese,pescatarian,walk/cycle,0.0,natural gas,7297.0,rarely,6,medium,sometimes,always,5,5.2,8937.37
196,normal,vegetarian,motorbike,31.2,renewable,1818.0,rarely,0,small,sometimes,often,8,11.3,3065.65
197,obese,vegetarian,public transport,0.0,coal,5394.0,often,2,medium,always,sometimes,9,4.7,5847.07
198,overweight,omnivore,private car,31.0,mixed,4734.0,rarely,5,medium,never,often,9,10.8,11317.41
199,overweight,vegan,motorbike,39.4,coal,2062.0,sometimes,0,large,often,rarely,8,4.4,5256.4
200,obese,vegetarian,public transport,0.0,renewable,1235.0,rarely,3,small,often,sometimes,6,7.3,4393.16
201,normal,omnivore,public transport,0.0,mixed,6337.0,always,0,large,rarely,always,3,10.6,4872.22
202,overweight,omnivore,motorbike,5.5,coal,6925.0,sometimes,7,large,sometimes,always,5,2.4,12276.11
203,overweight,omnivore,public transport,0.0,natural gas,3781.0,often,8,medium,rarely,sometimes,4,9.8,11800.8
204,normal,omnivore,private car,36.1,mixed,6040.0,often,8,large,sometimes,sometimes,1,8.1,13553.88
205,obese,omnivore,private car,34.7,natural gas,4799.0,often,0,medium,never,sometimes,7,3.8,7249.69
206,overweight,omnivore,public transport,0.0,natural gas,7359.0,often,8,large,sometimes,rarely,1,7.4,11866.42
207,normal,vegetarian,walk/cycle,0.0,natural gas,3806.0,sometimes,0,small,often,sometimes,7,6.1,2751.48
208,underweight,vegetarian,walk/cycle,0.0,natural gas,5280.0,always,10,medium,often,rarely,4,1.2,11616.86
209,overweight,pescatarian,walk/cycle,0.0,renewable,7105.0,sometimes,8,large,never,rarely,6,11.3,10615.57
210,normal,vegan,motorbike,46.1,mixed,5951.0,sometimes,4,small,never,sometimes,9,2.7,7474.59
211,underweight,pescatarian,private car,28.8,mixed,5247.0,always,2,large,often,sometimes,3,5.7,7609.62
212,underweight,pescatarian,public transport,0.0,mixed,7479.0,often,2,small,sometimes,sometimes,9,6.0,5243.77
213,normal,vegetarian,motorbike,5.7,mixed,7894.0,often,1,medium,never,rarely,2,10.2,4750.56
214,obese,pescatarian,public transport,0.0,renewable,5139.0,often,6,small,often,sometimes,5,5.4,7764.2
215,overweight,vegan,private car,2.7,coal,3346.0,sometimes,0,large,never,often,4,9.8,6653.64
216,normal,omnivore,private car,46.0,renewable,3424.0,often,5,large,rarely,rarely,2,4.8,10499.71
217,obese,vegetarian,motorbike,36.9,coal,4166.0,always,8,medium,always,rarely,3,3.5,10995.57
218,underweight,omnivore,private car,8.8,renewable,4489.0,rarely,0,large,always,rarely,9,5.6,5506.2
219,normal,vegetarian,private car,45.7,mixed,3537.0,rarely,10,small,always,often,1,7.4,12489.81
220,obese,vegan,motorbike,48.1,natural gas,2041.0,always,7,large,never,always,7,5.6,11267.05
221,overweight,vegan,motorbike,4.3,coal,7978.0,rarely,3,large,never,never,6,6.5,7906.77
222,overweight,vegan,walk/cycle,0.0,renewable,6250.0,always,0,medium,often,rarely,2,3.3,1499.45
223,obese,pescatarian,motorbike,44.9,mixed,2436.0,always,6,small,always,rarely,10,3.1,8730.23
224,overweight,vegan,public transport,0.0,mixed,4954.0,sometimes,3,small,never,sometimes,7,1.7,5193.19
225,obese,omnivore,public transport,0.0,natural gas,6429.0,always,5,small,sometimes,rarely,1,6.0,8258.23
226,underweight,omnivore,walk/cycle,0.0,natural gas,3805.0,sometimes,1,small,always,never,7,7.2,4539.31
227,underweight,vegetarian,walk/cycle,0.0,mixed,2087.0,always,3,large,rarely,never,2,3.0,5173.34
228,overweight,vegetarian,private car,32.2,coal,3861.0,sometimes,4,small,always,rarely,6,1.3,8920.09
229,overweight,pescatarian,walk/cycle,0.0,natural gas,2093.0,always,8,medium,never,sometimes,10,8.9,10980.27
230,obese,pescatarian,motorbike,11.1,mixed,2618.0,sometimes,4,medium,rarely,always,7,8.4,7738.07
231,normal,vegetarian,private car,1.0,natural gas,1729.0,always,0,large,often,often,8,9.8,5723.37
232,normal,omnivore,public transport,0.0,coal,2667.0,sometimes,5,large,never,often,5,2.1,10346.36
233,underweight,vegetarian,walk/cycle,0.0,coal,2702.0,always,10,large,always,never,1,8.9,11698.81
234,normal,vegetarian,motorbike,19.9,natural gas,5677.0,often,4,small,rarely,rarely,1,3.3,7628.36
235,obese,vegetarian,public transport,0.0,mixed,3052.0,sometimes,8,medium,sometimes,often,7,10.9,9996.94
236,overweight,pescatarian,private car,21.1,coal,7249.0,always,7,small,often,sometimes,3,10.0,12203.77
237,overweight,pescatarian,motorbike,17.1,renewable,2816.0,sometimes,2,small,sometimes,always,9,5.2,4819.84
238,obese,pescatarian,public transport,0.0,natural gas,5369.0,often,3,medium,always,rarely,7,5.5,6368.34
239,overweight,pescatarian,motorbike,27.6,mixed,4053.0,always,2,large,sometimes,rarely,2,4.2,6433.49
240,obese,vegetarian,walk/cycle,0.0,renewable,6599.0,rarely,10,small,never,often,2,5.7,10742.31
241,normal,vegan,public transport,0.0,renewable,1157.0,sometimes,8,medium,sometimes,never,9,4.0,9222.74
242,obese,omnivore,walk/cycle,0.0,renewable,2805.0,always,0,small,always,sometimes,8,2.5,2569.46
243,overweight,vegan,motorbike,41.7,natural gas,7891.0,rarely,1,large,rarely,rarely,3,6.8,5679.53
244,overweight,pescatarian,private car,0.9,mixed,7400.0,rarely,5,medium,often,always,3,2.3,9264.03
245,normal,pescatarian,walk/cycle,0.0,renewable,5036.0,rarely,6,medium,often,always,7,4.0,7662.49
246,underweight,vegan,public transport,0.0,renewable,6808.0,always,6,large,sometimes,always,1,3.3,7710.87
247,underweight,vegetarian,public transport,0.0,mixed,1077.0,often,0,small,sometimes,always,9,2.5,2949.49
248,underweight,vegetarian,private car,33.3,renewable,2228.0,sometimes,9,small,often,never,4,11.1,11958.12
249,normal,vegetarian,motorbike,20.9,coal,3682.0,always,2,large,never,always,5,6.7,7462.4
250,underweight,vegan,motorbike,30.2,natural gas,2717.0,rarely,5,large,always,always,6,5.3,8057.01
251,overweight,vegan,private car,14.4,mixed,3490.0,always,3,medium,always,often,6,8.9,6826.46
252,normal,omnivore,walk/cycle,0.0,coal,4332.0,sometimes,1,small,sometimes,rarely,6,8.3,5227.58
253,normal,omnivore,private car,46.8,coal,6128.0,rarely,1,small,sometimes,often,5,3.4,8456.43
254,overweight,vegan,public transport,0.0,renewable,4475.0,sometimes,6,medium,always,always,8,7.6,6829.28
255,obese,vegan,walk/cycle,0.0,renewable,3340.0,often,8,small,always,always,5,9.5,7485.31
256,obese,vegan,private car,34.4,mixed,4044.0,always,1,large,always,rarely,9,3.7,6095.8
257,normal,omnivore,public transport,0.0,natural gas,6734.0,often,4,medium,often,rarely,1,9.8,7716.36
258,normal,omnivore,private car,29.5,mixed,3527.0,often,7,small,sometimes,sometimes,3,2.0,12041.83
259,obese,vegetarian,motorbike,45.9,renewable,1958.0,sometimes,4,small,often,sometimes,9,11.5,6307.79
260,obese,pescatarian,motorbike,27.1,coal,7111.0,always,10,large,rarely,sometimes,5,9.1,15159.05
261,normal,omnivore,private car,40.3,natural gas,5611.0,always,5,medium,often,always,3,8.6,10936.1
262,overweight,omnivore,private car,24.5,mixed,2548.0,often,1,large,rarely,always,8,11.9,7889.76
263,normal,vegan,motorbike,47.2,natural gas,1276.0,always,4,large,never,often,10,8.8,8682.57
264,obese,vegetarian,private car,1.7,natural gas,5882.0,often,10,small,often,often,1,4.3,13261.27
265,obese,omnivore,motorbike,46.2,mixed,7797.0,rarely,5,large,always,always,10,11.4,9582.59
266,underweight,vegan,public transport,0.0,coal,6912.0,sometimes,10,large,never,always,10,4.5,13878.54
267,obese,pescatarian,motorbike,41.4,renewable,1259.0,rarely,1,medium,rarely,always,8,7.6,4834.78
268,normal,omnivore,private car,3.8,mixed,5874.0,always,10,large,always,rarely,5,4.7,13811.6
269,underweight,omnivore,walk/cycle,0.0,coal,6073.0,always,1,small,rarely,sometimes,4,1.7,5687.72
270,overweight,omnivore,public transport,0.0,mixed,6535.0,often,7,small,often,often,5,4.5,9298.56
271,underweight,pescatarian,walk/cycle,0.0,renewable,5381.0,rarely,5,large,never,rarely,3,10.7,7263.63
272,normal,vegetarian,private car,1.2,mixed,7091.0,always,3,medium,rarely,rarely,10,1.2,8010.68
273,obese,omnivore,walk/cycle,0.0,natural gas,7123.0,always,9,medium,often,never,3,6.8,11435.42
274,normal,pescatarian,walk/cycle,0.0,renewable,4359.0,sometimes,5,medium,rarely,often,1,7.9,6999.81
275,overweight,omnivore,private car,43.7,mixed,7889.0,always,9,small,sometimes,sometimes,7,9.5,13954.93
276,normal,pescatarian,walk/cycle,0.0,natural gas,6163.0,often,1,small,sometimes,never,2,3.6,3825.15
277,overweight,vegetarian,motorbike,5.5,mixed,3482.0,sometimes,9,medium,often,rarely,7,4.2,10713.29
278,normal,vegetarian,motorbike,2.1,coal,1125.0,sometimes,2,medium,often,always,0,11.9,5963.04
279,overweight,vegan,motorbike,21.4,natural gas,3690.0,sometimes,6,large,always,often,6,8.5,8921.69
280,obese,omnivore,motorbike,47.2,mixed,4272.0,sometimes,1,large,never,rarely,4,7.7,6686.5
281,underweight,pescatarian,public transport,0.0,coal,2169.0,sometimes,7,large,often,always,8,11.9,11093.12
282,underweight,vegan,private car,25.6,coal,2615.0,rarely,7,large,rarely,often,1,2.9,12957.44
283,normal,pescatarian,walk/cycle,0.0,mixed,2543.0,often,5,small,often,never,3,3.1,6480.69
284,normal,pescatarian,motorbike,2.9,natural gas,7784.0,sometimes,3,small,never,always,5,10.7,7568.05
285,overweight,vegetarian,private car,46.4,coal,7964.0,often,9,medium,always,never,2,2.9,13750.29
286,obese,vegan,private car,34.8,natural gas,2077.0,sometimes,3,small,sometimes,rarely,10,10.0,7823.95
287,obese,omnivore,public transport,0.0,coal,2571.0,always,6,medium,never,never,6,3.5,11397.16
288,overweight,pescatarian,motorbike,29.0,mixed,1640.0,often,9,small,never,often,10,10.7,12564.68
289,overweight,vegan,motorbike,13.3,natural gas,1907.0,always,3,medium,sometimes,sometimes,4,10.8,6373.23
290,overweight,vegetarian,motorbike,27.5,coal,1609.0,rarely,0,small,often,never,1,5.5,4650.26
291,normal,omnivore,motorbike,18.6,renewable,2818.0,always,3,large,rarely,sometimes,2,9.0,7096.37
292,overweight,vegan,private car,11.0,coal,5783.0,rarely,5,large,rarely,never,6,1.8,11025.87
293,overweight,vegetarian,motorbike,42.6,renewable,4466.0,rarely,0,small,often,never,2,6.3,3203.32
294,normal,omnivore,walk/cycle,0.0,renewable,3435.0,often,1,medium,rarely,often,1,8.5,3860.49
295,normal,omnivore,walk/cycle,0.0,renewable,4960.0,rarely,5,medium,sometimes,rarely,6,3.9,7319.65
296,normal,vegetarian,walk/cycle,0.0,renewable,5609.0,sometimes,7,medium,rarely,rarely,6,10.4,8340.99
297,obese,vegetarian,walk/cycle,0.0,renewable,7071.0,sometimes,1,large,often,sometimes,6,8.8,3315.19
298,overweight,vegetarian,public transport,0.0,coal,5761.0,rarely,3,large,always,always,9,7.8,7112.34
299,overweight,vegan,private car,37.6,natural gas,2110.0,sometimes,6,medium,never,rarely,7,10.7,11261.43
300,obese,vegan,public transport,0.0,mixed,3346.0,rarely,8,small,sometimes,sometimes,2,9.2,9160.34
301,obese,omnivore,private car,8.0,natural gas,6726.0,always,1,small,always,never,0,10.2,6617.45
302,overweight,vegetarian,walk/cycle,0.0,renewable,3009.0,always,8,medium,always,often,6,7.8,8103.95
303,obese,vegan,public transport,0.0,coal,7868.0,rarely,4,small,always,rarely,2,7.9,6829.51
304,overweight,omnivore,walk/cycle,0.0,coal,4780.0,always,3,small,rarely,never,6,9.6,7260.16
305,underweight,omnivore,walk/cycle,0.0,coal,1749.0,sometimes,1,small,rarely,never,2,9.4,5511.32
306,obese,pescatarian,private car,17.1,natural gas,5428.0,often,2,large,sometimes,never,0,11.3,8216.05
307,overweight,omnivore,private car,5.1,renewable,7561.0,often,9,large,never,often,7,8.6,14422.59
308,overweight,vegan,motorbike,35.4,natural gas,1471.0,often,2,medium,never,always,10,7.4,6117.85
309,underweight,vegetarian,walk/cycle,0.0,renewable,3421.0,rarely,3,small,often,sometimes,6,7.8,3990.89
310,normal,vegetarian,walk/cycle,0.0,mixed,6308.0,sometimes,5,small,often,sometimes,4,1.3,6357.11
311,underweight,pescatarian,walk/cycle,0.0,renewable,1155.0,sometimes,3,large,never,often,1,4.6,5568.58
312,obese,pescatarian,private car,34.2,coal,4121.0,rarely,8,medium,never,sometimes,3,4.0,14639.19
313,overweight,pescatarian,public transport,0.0,mixed,7980.0,often,9,medium,rarely,always,3,5.7,11522.6
314,normal,vegan,motorbike,39.7,renewable,5856.0,sometimes,8,medium,never,sometimes,0,3.4,10295.64
315,obese,pescatarian,walk/cycle,0.0,natural gas,1577.0,sometimes,6,medium,never,rarely,4,8.5,8791.8
316,underweight,vegan,public transport,0.0,mixed,7656.0,often,7,large,never,always,1,2.7,9670.67
317,normal,omnivore,walk/cycle,0.0,renewable,4026.0,always,10,small,rarely,sometimes,4,11.4,11875.59
318,overweight,omnivore,private car,19.9,coal,2920.0,always,4,small,never,rarely,2,11.8,10961.99
319,underweight,vegetarian,walk/cycle,0.0,natural gas,3865.0,always,7,medium,often,never,8,10.8,8763.32
320,overweight,vegetarian,motorbike,1.6,coal,5562.0,always,4,small,never,rarely,10,5.1,8452.73
321,overweight,vegan,public transport,0.0,coal,7051.0,sometimes,1,large,rarely,sometimes,6,6.2,5632.07
322,underweight,pescatarian,private car,38.5,natural gas,6913.0,rarely,6,medium,always,always,3,9.4,10898.8
323,underweight,omnivore,walk/cycle,0.0,natural gas,5384.0,rarely,0,small,rarely,rarely,3,2.4,4090.92
324,obese,pescatarian,walk/cycle,0.0,coal,4371.0,rarely,0,small,rarely,often,2,2.3,4093.23
325,underweight,pescatarian,walk/cycle,0.0,renewable,1876.0,always,0,small,always,often,6,8.5,1696.0
326,obese,vegan,motorbike,24.6,mixed,1449.0,sometimes,5,small,rarely,sometimes,4,7.4,7435.33
327,obese,vegetarian,walk/cycle,0.0,natural gas,2883.0,often,7,medium,always,often,0,9.8,8154.16
328,underweight,pescatarian,motorbike,0.6,natural gas,1507.0,always,3,large,always,rarely,10,5.3,6613.44
329,underweight,omnivore,private car,24.0,mixed,5200.0,always,5,large,always,sometimes,6,4.2,10274.83
330,overweight,vegetarian,walk/cycle,0.0,coal,6459.0,sometimes,0,medium,never,often,8,1.4,4240.77
331,overweight,vegetarian,public transport,0.0,renewable,4364.0,sometimes,10,small,sometimes,always,0,2.2,10582.65
332,normal,omnivore,private car,30.9,natural gas,5917.0,sometimes,3,large,sometimes,sometimes,9,7.2,9897.53
333,underweight,pescatarian,public transport,0.0,natural gas,1068.0,always,8,medium,rarely,often,0,4.6,10843.96
334,underweight,vegan,public transport,0.0,natural gas,3454.0,rarely,8,medium,never,sometimes,9,1.4,10662.35
335,normal,vegetarian,private car,3.9,natural gas,3778.0,often,0,small,rarely,always,2,2.5,5495.4
336,underweight,pescatarian,walk/cycle,0.0,coal,6604.0,always,9,small,sometimes,sometimes,5,3.2,11887.72
337,normal,vegetarian,motorbike,8.4,mixed,1732.0,often,2,large,always,always,5,8.0,5413.29
338,normal,vegetarian,motorbike,43.5,coal,5999.0,often,2,small,never,always,6,9.8,7384.14
339,underweight,vegetarian,private car,17.0,natural gas,6704.0,rarely,7,small,sometimes,never,3,1.9,11416.42
340,overweight,pescatarian,public transport,0.0,renewable,6721.0,often,7,small,sometimes,rarely,3,6.0,8869.27
341,underweight,pescatarian,private car,32.2,renewable,4685.0,rarely,0,medium,often,often,2,9.0,4932.16
342,obese,omnivore,motorbike,43.6,coal,2534.0,always,1,medium,always,rarely,2,11.7,6578.19
343,obese,vegan,walk/cycle,0.0,coal,3358.0,rarely,5,medium,never,never,5,3.0,8140.7
344,normal,omnivore,public transport,0.0,renewable,4487.0,rarely,5,large,always,often,0,7.1,7645.31
345,obese,vegetarian,motorbike,36.0,natural gas,2599.0,rarely,1,medium,rarely,rarely,6,12.0,5562.25
346,overweight,pescatarian,private car,10.0,natural gas,5762.0,rarely,0,medium,always,always,7,1.8,5708.17
347,normal,vegan,private car,1.5,renewable,2804.0,always,1,medium,always,often,3,6.1,4383.94
348,underweight,vegan,public transport,0.0,natural gas,6199.0,often,1,medium,never,sometimes,6,5.7,4544.03
349,obese,omnivore,private car,17.3,renewable,3597.0,always,2,medium,often,sometimes,2,11.9,6774.61
350,obese,vegan,private car,36.3,mixed,4407.0,always,4,small,sometimes,always,0,10.6,8347.57
351,normal,vegan,walk/cycle,0.0,coal,7305.0,always,9,small,always,never,6,5.6,10306.95
352,obese,omnivore,public transport,0.0,mixed,7387.0,often,1,medium,never,always,9,3.3,5235.89
353,normal,vegan,motorbike,31.1,natural gas,5421.0,sometimes,3,small,rarely,never,6,9.1,6732.62
354,underweight,omnivore,public transport,0.0,natural gas,7363.0,often,5,large,never,never,6,3.0,9875.31
355,obese,pescatarian,private car,11.9,mixed,7800.0,rarely,9,large,always,often,1,3.0,12605.25
356,obese,vegetarian,public transport,0.0,renewable,2731.0,rarely,9,small,sometimes,always,5,10.6,10048.83
357,obese,pescatarian,motorbike,22.3,mixed,4604.0,always,0,small,sometimes,often,2,5.0,3697.63
358,obese,vegan,motorbike,19.6,coal,7786.0,sometimes,0,large,often,sometimes,5,3.8,5081.48
359,underweight,pescatarian,private car,32.8,coal,3276.0,often,7,large,never,rarely,2,9.5,13877.42
360,overweight,omnivore,private car,3.7,coal,2188.0,always,9,large,never,rarely,7,6.7,16101.04
361,normal,omnivore,motorbike,16.9,coal,6802.0,rarely,8,small,never,sometimes,8,5.7,13587.94
362,obese,vegetarian,walk/cycle,0.0,natural gas,5947.0,sometimes,3,small,rarely,never,7,2.8,5411.84
363,underweight,pescatarian,public transport,0.0,coal,2173.0,often,7,large,often,never,10,1.4,11003.9
364,underweight,vegetarian,private car,23.7,mixed,6909.0,always,2,medium,always,always,5,9.9,6739.33
365,overweight,vegetarian,private car,29.3,renewable,7078.0,often,0,medium,never,rarely,9,3.3,5147.37
366,normal,vegetarian,public transport,0.0,natural gas,1400.0,often,10,medium,always,never,10,6.8,11214.8
367,underweight,omnivore,public transport,0.0,natural gas,7556.0,rarely,3,medium,always,sometimes,10,1.4,6925.15
368,overweight,omnivore,motorbike,46.7,coal,3213.0,always,4,small,often,sometimes,10,6.6,9253.73
369,obese,vegan,walk/cycle,0.0,coal,1291.0,often,4,large,never,often,1,2.6,7458.0
370,overweight,pescatarian,private car,22.7,coal,4609.0,often,10,large,sometimes,rarely,2,6.4,15912.18
371,normal,vegan,motorbike,33.3,coal,1978.0,sometimes,0,large,often,sometimes,4,1.3,5071.12
372,obese,omnivore,motorbike,10.1,renewable,5714.0,sometimes,5,large,rarely,always,10,11.7,9109.13
373,obese,pescatarian,private car,4.7,natural gas,5708.0,sometimes,4,small,often,rarely,4,5.9,8835.51
374,normal,pescatarian,walk/cycle,0.0,natural gas,5848.0,often,3,large,sometimes,often,5,10.2,6629.79
375,overweight,pescatarian,private car,47.2,mixed,5783.0,rarely,7,small,always,always,9,6.5,11172.74
376,underweight,omnivore,public transport,0.0,renewable,4994.0,always,8,medium,often,never,2,1.3,10003.03
377,normal,vegetarian,private car,46.5,mixed,5827.0,always,2,medium,rarely,never,7,8.4,7723.0
378,overweight,vegetarian,private car,19.7,renewable,5559.0,rarely,7,medium,rarely,rarely,9,2.2,10868.69
379,normal,omnivore,walk/cycle,0.0,natural gas,5605.0,always,10,medium,often,often,7,12.0,12580.2
380,obese,vegan,walk/cycle,0.0,natural gas,6477.0,often,0,medium,always,rarely,0,7.2,2422.49
381,underweight,vegetarian,public transport,0.0,coal,6169.0,often,2,small,often,always,9,10.7,5621.9
382,overweight,vegetarian,walk/cycle,0.0,renewable,5673.0,often,4,medium,always,always,8,9.9,4983.87
383,overweight,omnivore,public transport,0.0,coal,6336.0,always,5,small,rarely,often,0,9.8,9909.97
384,normal,vegetarian,public transport,0.0,natural gas,1841.0,rarely,9,large,rarely,never,5,7.0,11928.6
385,underweight,omnivore,private car,0.3,renewable,3272.0,rarely,10,small,never,never,1,5.0,14387.28
386,obese,omnivore,motorbike,19.4,renewable,4141.0,often,7,large,rarely,rarely,10,3.6,10882.32
387,underweight,pescatarian,motorbike,18.7,renewable,2591.0,often,9,large,rarely,often,1,1.8,12063.19
388,underweight,pescatarian,walk/cycle,0.0,renewable,5336.0,always,3,large,rarely,sometimes,8,6.1,5803.92
389,normal,pescatarian,motorbike,19.0,coal,7043.0,sometimes,0,large,often,rarely,7,6.7,5832.88
390,overweight,vegetarian,walk/cycle,0.0,renewable,3389.0,rarely,1,large,often,rarely,1,5.2,2896.34
391,underweight,vegan,private car,19.9,natural gas,5061.0,always,4,medium,often,never,1,6.9,8626.15
392,normal,vegan,private car,40.6,coal,6027.0,often,6,large,never,never,0,11.5,12609.94
393,underweight,vegetarian,public transport,0.0,coal,1128.0,often,7,large,sometimes,never,5,3.2,10543.58
394,overweight,vegetarian,walk/cycle,0.0,mixed,7489.0,always,7,medium,often,often,6,1.7,8404.55
395,normal,vegan,public transport,0.0,renewable,7541.0,sometimes,1,medium,always,often,9,4.9,2983.47
396,obese,vegetarian,motorbike,12.8,coal,2994.0,rarely,10,large,rarely,often,7,4.4,14161.23
397,underweight,omnivore,motorbike,40.2,renewable,4774.0,rarely,4,large,sometimes,never,10,4.4,8668.59
398,normal,pescatarian,walk/cycle,0.0,mixed,2908.0,sometimes,7,medium,often,rarely,8,5.5,8801.13
399,underweight,vegan,public transport,0.0,mixed,1853.0,always,2,small,often,sometimes,3,3.0,3638.26
400,overweight,pescatarian,walk/cycle,0.0,natural gas,4676.0,always,6,small,never,often,7,8.8,9014.46
401,obese,vegan,motorbike,5.3,mixed,4971.0,often,1,medium,never,never,6,3.8,4243.1
402,obese,vegan,walk/cycle,0.0,renewable,6642.0,often,8,large,rarely,often,5,7.1,9248.91
403,overweight,vegan,public transport,0.0,mixed,1304.0,often,8,large,always,often,10,8.0,9210.12
404,overweight,omnivore,walk/cycle,0.0,renewable,6734.0,sometimes,0,medium,sometimes,sometimes,8,10.7,3296.01
405,overweight,vegan,walk/cycle,0.0,natural gas,2597.0,always,2,large,often,never,4,3.3,4281.83
406,normal,vegetarian,walk/cycle,0.0,mixed,6879.0,sometimes,7,small,sometimes,never,6,10.9,8653.74
407,underweight,vegan,motorbike,17.7,mixed,2658.0,sometimes,7,small,always,never,8,9.6,8510.71
408,obese,omnivore,public transport,0.0,natural gas,3966.0,sometimes,1,medium,always,always,5,8.3,5047.48
409,obese,omnivore,public transport,0.0,coal,1669.0,always,5,medium,often,rarely,2,7.9,9554.06
410,obese,pescatarian,private car,8.4,natural gas,6158.0,sometimes,3,large,sometimes,sometimes,10,10.5,9066.28
411,normal,vegetarian,private car,10.8,renewable,1670.0,often,8,medium,always,always,10,1.3,10619.17
412,obese,pescatarian,motorbike,27.3,renewable,2624.0,rarely,0,medium,rarely,never,10,5.3,4157.34
413,underweight,vegetarian,private car,29.7,natural gas,4477.0,often,10,medium,rarely,never,4,11.9,14966.36
414,normal,vegan,private car,20.2,mixed,3997.0,rarely,9,large,always,rarely,10,8.9,11932.98
415,obese,vegetarian,private car,34.6,renewable,7939.0,always,6,medium,sometimes,always,0,2.4,9963.36
416,underweight,pescatarian,public transport,0.0,mixed,5049.0,sometimes,10,large,sometimes,always,8,4.0,12490.71
417,normal,vegetarian,private car,4.0,mixed,1600.0,sometimes,10,small,rarely,rarely,8,10.8,13522.99
418,underweight,omnivore,walk/cycle,0.0,mixed,2587.0,often,8,medium,rarely,rarely,9,4.9,10577.17
419,overweight,vegan,private car,3.5,mixed,4633.0,sometimes,0,small,sometimes,always,0,1.7,3992.82
420,overweight,omnivore,private car,27.0,renewable,7161.0,often,8,small,rarely,always,1,8.2,12820.75
421,normal,omnivore,motorbike,26.6,renewable,3270.0,often,3,small,sometimes,sometimes,5,4.7,6620.77
422,overweight,vegetarian,motorbike,36.5,renewable,4256.0,rarely,10,medium,often,rarely,10,1.7,11955.1
423,normal,vegan,private car,28.1,mixed,7703.0,rarely,6,medium,always,sometimes,0,2.9,9122.77
424,overweight,omnivore,motorbike,26.8,renewable,1677.0,often,10,small,sometimes,always,1,6.0,12421.47
425,underweight,vegetarian,walk/cycle,0.0,renewable,6293.0,sometimes,10,large,rarely,often,1,4.8,11328.49
426,normal,omnivore,walk/cycle,0.0,natural gas,7490.0,rarely,7,large,sometimes,never,1,3.6,10579.85
427,underweight,vegan,public transport,0.0,coal,3795.0,rarely,9,small,sometimes,often,6,2.7,11578.88
428,obese,omnivore,motorbike,26.0,coal,5365.0,rarely,6,large,never,always,0,2.0,12199.51
429,underweight,vegan,walk/cycle,0.0,coal,6287.0,rarely,4,large,sometimes,always,1,2.4,7265.49
430,overweight,omnivore,motorbike,35.4,mixed,1253.0,rarely,7,small,always,rarely,2,4.3,9764.41
431,obese,pescatarian,public transport,0.0,coal,2842.0,often,0,large,always,rarely,1,5.0,4408.02
432,underweight,vegan,motorbike,19.8,renewable,4130.0,often,3,large,sometimes,rarely,6,7.6,5832.72
433,normal,vegetarian,public transport,0.0,natural gas,4610.0,often,3,small,rarely,always,0,11.1,6056.37
434,obese,vegan,private car,42.6,renewable,2460.0,often,1,small,always,often,5,11.2,4684.89
435,overweight,vegetarian,public transport,0.0,renewable,1815.0,often,9,small,rarely,sometimes,7,10.0,10330.6
436,obese,pescatarian,private car,43.4,natural gas,6641.0,often,5,medium,rarely,never,5,9.7,11255.91
437,normal,vegetarian,motorbike,15.2,coal,1566.0,often,2,large,sometimes,often,7,5.4,7082.26
438,obese,pescatarian,private car,17.3,mixed,7829.0,rarely,2,large,always,never,4,8.1,7126.95
439,normal,vegetarian,private car,41.1,renewable,1928.0,rarely,0,large,never,always,9,10.5,5584.15
440,obese,vegetarian,walk/cycle,0.0,coal,5244.0,always,10,small,sometimes,often,3,9.4,12231.55
441,overweight,vegetarian,motorbike,8.7,renewable,4518.0,always,5,large,never,rarely,9,5.4,8124.64
442,normal,vegetarian,motorbike,3.4,natural gas,1181.0,sometimes,9,large,rarely,often,5,2.5,12184.5
443,underweight,vegetarian,motorbike,48.2,natural gas,4847.0,rarely,4,medium,rarely,never,10,11.6,8335.36
444,normal,pescatarian,motorbike,25.3,mixed,4077.0,always,0,small,sometimes,never,8,2.2,3936.1
445,overweight,pescatarian,public transport,0.0,mixed,5486.0,always,5,large,never,always,4,3.4,8857.91
446,obese,vegetarian,motorbike,7.6,coal,1429.0,often,7,medium,always,never,8,9.6,10233.69
447,normal,omnivore,public transport,0.0,natural gas,4219.0,rarely,8,large,sometimes,rarely,2,1.6,11683.06
448,normal,vegetarian,private car,6.1,renewable,3123.0,sometimes,6,medium,never,often,10,2.1,10007.01
449,obese,omnivore,public transport,0.0,natural gas,5845.0,always,0,small,never,rarely,9,1.7,4803.34
450,normal,vegetarian,walk/cycle,0.0,natural gas,6698.0,rarely,2,medium,rarely,always,6,7.8,5089.5
451,underweight,pescatarian,walk/cycle,0.0,natural gas,3144.0,always,9,medium,often,rarely,3,7.9,10405.02
452,obese,vegetarian,public transport,0.0,coal,1915.0,sometimes,10,medium,often,always,9,10.8,12720.0
453,underweight,vegetarian,motorbike,22.5,mixed,2362.0,sometimes,1,small,rarely,always,8,5.0,4635.86
454,obese,vegetarian,walk/cycle,0.0,natural gas,6135.0,always,9,large,never,always,8,9.5,11894.25
455,underweight,vegan,motorbike,0.6,natural gas,3913.0,rarely,10,large,often,always,6,6.3,12105.9
456,overweight,vegan,motorbike,26.8,natural gas,2506.0,always,6,medium,always,always,1,1.1,8302.87
457,obese,vegetarian,private car,12.1,mixed,7831.0,sometimes,1,medium,always,always,6,9.8,5674.63
458,overweight,vegetarian,walk/cycle,0.0,renewable,1768.0,rarely,8,small,often,rarely,5,7.0,8190.62
459,obese,pescatarian,walk/cycle,0.0,natural gas,4181.0,always,10,large,sometimes,sometimes,8,10.3,12585.35
460,obese,pescatarian,private car,7.5,mixed,3273.0,sometimes,6,large,always,often,2,9.1,9915.9
461,overweight,omnivore,private car,23.8,coal,3631.0,often,6,large,rarely,never,3,5.3,13628.59
462,obese,vegetarian,walk/cycle,0.0,natural gas,7245.0,always,5,large,always,never,2,11.5,7217.38
463,obese,vegan,walk/cycle,0.0,natural gas,6508.0,always,9,medium,never,never,4,4.5,10899.56
464,normal,pescatarian,walk/cycle,0.0,renewable,2783.0,always,6,large,always,sometimes,9,10.2,7675.71
465,underweight,vegetarian,motorbike,1.9,mixed,7312.0,rarely,3,large,always,sometimes,3,6.1,6235.27
466,underweight,vegetarian,public transport,0.0,renewable,7266.0,often,3,large,never,rarely,1,8.0,5955.47
467,overweight,omnivore,private car,30.7,mixed,1467.0,always,9,small,always,never,1,6.7,12592.14
468,underweight,pescatarian,private car,25.6,coal,5762.0,often,3,large,rarely,often,6,1.5,10254.1
469,underweight,pescatarian,public transport,0.0,mixed,1594.0,rarely,8,small,always,sometimes,5,8.9,9136.08
470,underweight,pescatarian,private car,14.8,mixed,3448.0,always,9,medium,rarely,sometimes,7,9.5,13914.23
471,obese,vegan,motorbike,33.1,renewable,2296.0,often,1,medium,rarely,rarely,5,2.9,3854.88
472,obese,pescatarian,walk/cycle,0.0,coal,6351.0,sometimes,4,small,often,sometimes,1,3.9,7057.45
473,normal,omnivore,private car,1.0,coal,1575.0,sometimes,9,medium,rarely,rarely,7,11.6,15554.76
474,normal,vegetarian,public transport,0.0,coal,5373.0,sometimes,3,small,rarely,always,5,5.2,6815.72
475,normal,vegan,walk/cycle,0.0,renewable,2440.0,always,9,small,always,never,7,2.3,8431.63
476,overweight,pescatarian,motorbike,32.2,coal,4712.0,always,2,large,sometimes,often,3,1.5,7800.85
477,normal,vegan,motorbike,48.4,mixed,6591.0,rarely,8,medium,often,rarely,7,4.2,10411.5
478,underweight,omnivore,private car,29.1,renewable,6237.0,rarely,10,small,often,always,1,9.9,13635.45
479,overweight,pescatarian,private car,32.8,natural gas,1897.0,often,3,medium,often,always,5,4.7,8384.42
480,overweight,vegetarian,motorbike,22.0,mixed,5291.0,sometimes,6,large,sometimes,sometimes,6,11.4,9099.17
481,overweight,omnivore,public transport,0.0,natural gas,2685.0,sometimes,1,large,sometimes,rarely,8,2.3,5918.96
482,obese,omnivore,public transport,0.0,natural gas,5521.0,sometimes,7,small,rarely,often,7,4.1,10781.82
483,normal,pescatarian,motorbike,40.8,coal,7030.0,often,8,large,never,often,1,10.3,13771.43
484,normal,vegan,public transport,0.0,coal,6285.0,always,10,small,often,sometimes,4,6.1,11998.02
485,overweight,pescatarian,private car,42.1,coal,6099.0,rarely,6,small,sometimes,always,3,9.5,12024.56
486,normal,pescatarian,private car,27.3,coal,7893.0,always,7,small,often,always,4,11.3,12621.61
487,obese,vegetarian,public transport,0.0,coal,1302.0,always,10,large,always,often,1,2.8,12136.28
488,underweight,vegetarian,private car,40.9,natural gas,2495.0,often,5,large,sometimes,sometimes,9,6.6,10612.83
489,obese,pescatarian,motorbike,42.0,coal,6130.0,always,6,small,rarely,never,2,7.0,11077.28
490,normal,pescatarian,walk/cycle,0.0,natural gas,3083.0,sometimes,6,small,never,never,7,7.2,9226.4
491,underweight,vegan,motorbike,34.4,renewable,7113.0,rarely,4,large,rarely,never,10,8.0,7209.26
492,obese,pescatarian,public transport,0.0,natural gas,4231.0,often,7,large,rarely,rarely,8,1.1,10913.01
493,normal,vegan,walk/cycle,0.0,coal,2727.0,often,7,medium,always,sometimes,8,9.0,8963.59
494,obese,vegetarian,public transport,0.0,mixed,2428.0,always,8,large,always,sometimes,5,7.1,9389.89
495,obese,vegetarian,walk/cycle,0.0,mixed,6131.0,often,5,medium,sometimes,rarely,4,7.8,6767.13
496,underweight,vegan,public transport,0.0,coal,6487.0,often,7,large,never,often,7,7.1,10938.82
497,overweight,vegan,motorbike,0.3,coal,6327.0,sometimes,0,large,sometimes,rarely,6,1.4,4741.37
498,obese,omnivore,public transport,0.0,natural gas,7707.0,always,6,small,sometimes,never,6,5.0,9801.82
499,normal,pescatarian,private car,16.3,coal,2042.0,always,3,small,rarely,rarely,4,4.4,9197.81
500,underweight,omnivore,motorbike,36.1,coal,7203.0,always,3,medium,never,rarely,0,7.5,9062.53
501,underweight,vegetarian,walk/cycle,0.0,coal,3741.0,often,2,large,often,never,3,5.5,5412.64
502,underweight,vegetarian,walk/cycle,0.0,mixed,6559.0,sometimes,5,medium,sometimes,often,5,2.0,7027.44
503,obese,vegan,private car,29.4,renewable,4367.0,sometimes,0,medium,often,never,8,8.1,4324.89
504,obese,vegetarian,public transport,0.0,coal,4930.0,always,0,small,rarely,often,7,7.2,4236.74
505,normal,vegan,public transport,0.0,mixed,5224.0,rarely,8,large,rarely,often,6,8.4,10220.98
506,overweight,pescatarian,public transport,0.0,renewable,6775.0,rarely,4,medium,sometimes,rarely,5,6.5,6635.24
507,underweight,vegetarian,walk/cycle,0.0,natural gas,1539.0,always,5,small,rarely,sometimes,9,1.6,7383.08
508,underweight,omnivore,public transport,0.0,renewable,5954.0,rarely,9,large,often,always,2,9.7,11176.93
509,overweight,vegan,public transport,0.0,natural gas,4621.0,always,1,large,always,sometimes,10,5.8,4237.59
510,underweight,vegan,private car,21.7,natural gas,1620.0,rarely,2,medium,rarely,sometimes,8,3.4,7099.98
511,overweight,omnivore,public transport,0.0,renewable,5188.0,always,5,large,rarely,sometimes,0,9.1,8225.76
512,obese,omnivore,private car,31.8,mixed,6500.0,sometimes,9,small,always,sometimes,5,2.3,13104.11
513,obese,pescatarian,public transport,0.0,renewable,3869.0,sometimes,7,medium,sometimes,always,5,10.2,9152.97
514,obese,vegan,motorbike,29.4,natural gas,2291.0,rarely,9,medium,always,rarely,5,5.0,10494.28
515,underweight,omnivore,public transport,0.0,mixed,3342.0,sometimes,9,medium,sometimes,often,10,1.3,11877.23
516,overweight,vegan,walk/cycle,0.0,renewable,3091.0,rarely,2,small,never,rarely,1,11.3,2732.28
517,obese,vegetarian,walk/cycle,0.0,renewable,2815.0,always,10,medium,always,always,9,5.7,9816.66
518,overweight,vegan,private car,22.9,natural gas,4381.0,rarely,0,small,often,never,7,2.5,4885.84
519,underweight,pescatarian,motorbike,4.0,coal,6096.0,rarely,9,medium,always,never,1,6.5,12269.81
520,overweight,vegan,public transport,0.0,renewable,6359.0,rarely,3,large,often,rarely,3,2.7,4839.59
521,normal,vegetarian,motorbike,30.5,renewable,1947.0,often,10,medium,often,never,2,9.3,11376.24
522,normal,omnivore,private car,3.4,natural gas,1399.0,always,5,medium,always,sometimes,5,4.1,9884.74
523,obese,omnivore,private car,13.1,natural gas,2729.0,sometimes,6,large,sometimes,sometimes,7,11.0,12084.26
524,obese,omnivore,walk/cycle,0.0,renewable,6316.0,often,9,small,always,rarely,4,5.9,9537.0
525,underweight,pescatarian,public transport,0.0,natural gas,6437.0,often,0,large,sometimes,always,8,1.7,4556.0
526,normal,vegan,walk/cycle,0.0,mixed,1439.0,often,2,small,sometimes,sometimes,9,11.0,3562.25
527,normal,vegetarian,private car,7.0,coal,4727.0,rarely,9,medium,always,rarely,1,5.5,12981.71
528,overweight,omnivore,public transport,0.0,mixed,1153.0,rarely,9,large,sometimes,never,9,8.3,12127.92
529,obese,vegan,walk/cycle,0.0,coal,7744.0,often,6,medium,never,rarely,10,7.2,9124.82
530,underweight,omnivore,walk/cycle,0.0,coal,6116.0,rarely,5,large,always,rarely,5,11.8,8873.59
531,normal,vegetarian,walk/cycle,0.0,mixed,2796.0,always,9,large,always,never,3,8.2,9734.42
532,obese,pescatarian,motorbike,23.2,natural gas,7804.0,sometimes,5,small,often,always,0,7.7,8366.5
533,obese,pescatarian,walk/cycle,0.0,mixed,3447.0,always,2,small,often,always,3,2.3,4062.51
534,obese,omnivore,public transport,0.0,natural gas,2757.0,sometimes,1,medium,often,sometimes,10,10.4,5385.23
535,underweight,vegan,motorbike,28.1,mixed,4664.0,often,5,small,sometimes,sometimes,9,2.3,7614.64
536,underweight,pescatarian,public transport,0.0,coal,1474.0,always,9,small,often,never,3,8.8,11835.53
537,normal,pescatarian,public transport,0.0,renewable,4805.0,rarely,0,small,always,rarely,4,1.9,2284.92
538,underweight,pescatarian,walk/cycle,0.0,coal,2160.0,always,7,small,sometimes,rarely,8,11.4,9595.7
539,normal,vegetarian,private car,42.5,mixed,5683.0,sometimes,10,small,often,always,10,6.1,13773.52
540,underweight,pescatarian,public transport,0.0,renewable,4818.0,often,3,large,always,sometimes,0,1.7,5175.8
541,obese,vegan,walk/cycle,0.0,mixed,4588.0,often,10,large,sometimes,never,0,9.9,10854.89
542,overweight,omnivore,public transport,0.0,mixed,6504.0,rarely,5,medium,always,always,1,3.2,7723.9
543,normal,vegetarian,motorbike,12.9,renewable,2153.0,rarely,3,large,sometimes,sometimes,7,4.6,5962.69
544,obese,vegetarian,walk/cycle,0.0,coal,2434.0,often,5,large,sometimes,rarely,8,10.7,8763.97
545,overweight,vegan,private car,44.0,mixed,7094.0,rarely,8,medium,rarely,rarely,5,3.6,12494.31
546,obese,vegetarian,walk/cycle,0.0,mixed,6404.0,sometimes,6,small,always,rarely,6,1.3,6870.83
547,overweight,pescatarian,motorbike,3.3,natural gas,4248.0,sometimes,10,small,always,always,10,11.0,12004.2
548,normal,vegetarian,private car,5.3,natural gas,5597.0,always,2,large,always,rarely,5,10.0,7615.19
549,underweight,vegan,public transport,0.0,coal,3663.0,sometimes,0,medium,often,often,4,9.5,3587.68
550,obese,pescatarian,public transport,0.0,natural gas,6550.0,rarely,2,small,never,always,9,7.4,6101.6
551,overweight,vegetarian,public transport,0.0,natural gas,5442.0,rarely,5,small,often,rarely,8,9.8,7668.1
552,obese,pescatarian,public transport,0.0,mixed,4731.0,always,7,small,rarely,rarely,3,2.7,9431.71
553,underweight,omnivore,walk/cycle,0.0,coal,5871.0,always,3,large,rarely,rarely,1,9.7,8181.21
554,normal,omnivore,motorbike,45.3,coal,2938.0,always,3,medium,often,never,9,11.8,8781.08
555,obese,pescatarian,motorbike,7.0,renewable,2414.0,rarely,7,medium,never,rarely,8,3.0,9940.4
556,obese,vegan,motorbike,7.6,renewable,4082.0,sometimes,4,medium,often,sometimes,4,7.8,5924.95
557,obese,vegetarian,motorbike,4.2,coal,7177.0,rarely,8,small,often,often,1,9.8,11164.06
558,underweight,vegetarian,public transport,0.0,mixed,3924.0,always,5,medium,never,rarely,7,11.8,7825.07
559,normal,omnivore,walk/cycle,0.0,coal,5675.0,often,10,large,rarely,never,1,8.0,14025.52
560,underweight,omnivore,private car,0.6,renewable,4918.0,always,8,large,rarely,often,8,6.8,13057.35
561,obese,vegan,public transport,0.0,coal,6035.0,sometimes,2,small,rarely,never,6,10.8,5801.11
562,overweight,pescatarian,motorbike,9.4,coal,7007.0,sometimes,1,small,rarely,never,9,10.0,6377.15
563,overweight,vegan,motorbike,27.0,mixed,5972.0,always,8,small,always,often,3,4.5,9471.54
564,normal,omnivore,motorbike,23.0,mixed,3505.0,always,1,large,always,never,3,6.4,5503.63
565,overweight,vegetarian,walk/cycle,0.0,natural gas,6798.0,sometimes,0,large,sometimes,never,2,4.7,3546.43
566,underweight,pescatarian,private car,41.3,renewable,1704.0,rarely,1,medium,rarely,rarely,10,3.6,6283.9
567,overweight,vegetarian,motorbike,7.1,coal,3436.0,rarely,1,medium,sometimes,sometimes,6,6.0,5831.92
568,underweight,omnivore,walk/cycle,0.0,coal,5346.0,always,2,small,sometimes,sometimes,8,4.9,6607.04
569,obese,vegetarian,public transport,0.0,renewable,6890.0,rarely,9,large,always,never,7,6.2,9964.21
570,overweight,omnivore,private car,6.3,coal,5733.0,often,2,large,always,often,8,4.6,8879.42
571,obese,omnivore,public transport,0.0,natural gas,5804.0,often,3,small,never,never,7,1.8,7460.69
572,underweight,vegetarian,motorbike,11.4,mixed,6859.0,rarely,5,medium,always,rarely,0,4.1,7225.52
573,normal,pescatarian,private car,32.1,renewable,5859.0,often,4,large,always,sometimes,0,6.6,8157.55
574,underweight,pescatarian,private car,1.7,mixed,3128.0,rarely,2,small,sometimes,sometimes,10,8.2,6799.04
575,obese,omnivore,walk/cycle,0.0,natural gas,7568.0,always,2,large,often,always,5,10.6,6304.19
576,obese,omnivore,walk/cycle,0.0,coal,5655.0,often,8,large,never,rarely,9,3.9,12991.87
577,overweight,pescatarian,walk/cycle,0.0,natural gas,7350.0,often,0,medium,often,always,2,8.4,3361.63
578,obese,vegetarian,walk/cycle,0.0,coal,4129.0,often,0,medium,often,never,7,6.1,3773.77
579,normal,pescatarian,motorbike,43.2,coal,4827.0,sometimes,8,medium,rarely,never,5,5.2,13043.22
580,underweight,vegetarian,walk/cycle,0.0,mixed,6179.0,rarely,7,large,rarely,rarely,5,11.1,9266.97
581,obese,pescatarian,private car,14.0,natural gas,7008.0,rarely,8,large,rarely,rarely,0,4.2,13751.75
582,obese,omnivore,walk/cycle,0.0,renewable,6634.0,often,0,large,always,never,5,1.2,3210.0
583,obese,vegan,walk/cycle,0.0,coal,7740.0,rarely,9,medium,rarely,sometimes,3,9.0,11762.96
584,normal,pescatarian,private car,14.1,coal,7109.0,always,10,small,sometimes,rarely,2,2.2,15072.49
585,overweight,vegan,walk/cycle,0.0,renewable,5926.0,sometimes,8,medium,always,sometimes,4,6.9,7785.54
586,normal,pescatarian,public transport,0.0,natural gas,1087.0,rarely,4,large,sometimes,always,7,6.2,7762.63
587,underweight,vegetarian,walk/cycle,0.0,mixed,3109.0,rarely,1,medium,never,never,6,7.6,3353.4
588,obese,vegetarian,motorbike,37.2,coal,1337.0,often,5,small,always,never,7,10.9,8414.42
589,normal,vegan,motorbike,42.6,renewable,5675.0,always,4,large,often,often,3,7.5,6689.06
590,normal,vegetarian,private car,39.7,coal,1243.0,always,2,large,sometimes,sometimes,7,7.4,8754.24
591,obese,vegan,walk/cycle,0.0,mixed,7968.0,rarely,5,medium,often,rarely,4,10.4,6258.54
592,overweight,vegetarian,walk/cycle,0.0,mixed,6820.0,rarely,5,large,never,sometimes,8,7.6,7762.41
593,obese,omnivore,motorbike,5.7,natural gas,1657.0,sometimes,8,small,often,often,1,11.0,11285.96
594,overweight,vegetarian,motorbike,43.9,mixed,5002.0,often,8,large,rarely,rarely,10,6.7,11909.25
595,underweight,omnivore,walk/cycle,0.0,mixed,4013.0,often,8,small,often,rarely,4,4.5,9941.51
596,obese,vegan,walk/cycle,0.0,mixed,5213.0,often,7,large,never,never,3,10.8,8905.85
597,normal,vegan,public transport,0.0,natural gas,4104.0,always,8,medium,often,always,9,7.7,10075.29
598,obese,vegetarian,public transport,0.0,coal,5918.0,often,9,large,sometimes,often,5,3.6,12785.24
599,underweight,vegan,motorbike,25.6,natural gas,1730.0,often,0,medium,always,never,0,5.2,3777.44
600,overweight,vegan,private car,47.5,renewable,5205.0,sometimes,6,large,always,often,10,9.2,9534.6
601,overweight,omnivore,motorbike,25.3,mixed,5439.0,always,8,small,rarely,often,2,1.8,11579.49
602,normal,omnivore,private car,23.6,mixed,1320.0,sometimes,4,large,rarely,rarely,0,2.5,9842.1
603,underweight,vegan,public transport,0.0,mixed,2938.0,always,2,small,rarely,often,7,11.7,4253.39
604,obese,vegetarian,motorbike,9.8,mixed,5275.0,always,6,medium,rarely,rarely,6,4.1,8736.94
605,underweight,omnivore,public transport,0.0,coal,2449.0,always,8,large,sometimes,never,0,6.7,12388.6
606,obese,pescatarian,walk/cycle,0.0,mixed,6618.0,rarely,2,large,always,sometimes,7,7.3,4739.41
607,underweight,vegan,public transport,0.0,mixed,4589.0,rarely,10,large,always,always,4,4.2,10704.46
608,underweight,pescatarian,walk/cycle,0.0,mixed,1610.0,always,8,medium,always,sometimes,6,7.8,9110.58
609,overweight,pescatarian,private car,5.7,natural gas,3417.0,rarely,9,large,sometimes,always,4,6.6,14002.45
610,underweight,omnivore,public transport,0.0,renewable,5916.0,often,9,small,sometimes,often,1,11.9,11128.98
611,normal,vegan,private car,6.6,coal,2923.0,sometimes,9,medium,sometimes,sometimes,0,5.3,13122.77
612,underweight,vegetarian,public transport,0.0,mixed,7353.0,often,2,medium,rarely,often,2,8.9,4776.7
613,underweight,pescatarian,walk/cycle,0.0,natural gas,5255.0,sometimes,7,medium,often,rarely,10,4.4,9317.75
614,obese,vegetarian,public transport,0.0,coal,2803.0,rarely,10,medium,never,never,2,1.7,13439.17
615,obese,omnivore,motorbike,30.2,coal,5806.0,always,8,small,often,often,7,2.3,12365.35
616,overweight,vegetarian,motorbike,18.5,renewable,1847.0,often,7,medium,sometimes,always,10,5.6,8813.18
617,underweight,vegan,private car,37.6,mixed,1497.0,often,5,medium,sometimes,never,4,1.9,9175.75
618,obese,omnivore,public transport,0.0,natural gas,5680.0,often,10,large,rarely,sometimes,8,8.5,14193.57
619,underweight,vegan,walk/cycle,0.0,renewable,3533.0,always,1,large,never,often,5,7.5,2932.66
620,normal,pescatarian,private car,43.7,natural gas,6068.0,rarely,0,large,never,never,9,2.3,7565.74
621,normal,vegan,walk/cycle,0.0,renewable,7317.0,sometimes,6,large,always,rarely,1,1.7,6351.75
622,normal,pescatarian,private car,0.6,mixed,3954.0,rarely,10,medium,sometimes,often,10,4.2,14027.55
623,overweight,pescatarian,public transport,0.0,renewable,4402.0,often,0,medium,often,sometimes,0,7.3,2459.74
624,overweight,pescatarian,public transport,0.0,mixed,6104.0,rarely,7,small,always,often,2,8.2,8687.43
625,obese,vegan,public transport,0.0,mixed,6919.0,sometimes,9,large,never,often,4,8.6,11727.98
626,underweight,vegan,walk/cycle,0.0,renewable,2928.0,often,7,small,often,rarely,10,4.4,6963.35
627,underweight,vegan,motorbike,39.4,coal,4125.0,sometimes,5,medium,always,never,8,9.8,8698.32
628,obese,omnivore,motorbike,45.8,mixed,4017.0,rarely,8,small,never,often,7,4.5,12381.9
629,underweight,pescatarian,private car,29.1,coal,3598.0,always,0,large,never,sometimes,8,7.6,8087.28
630,overweight,vegan,motorbike,18.7,coal,2168.0,sometimes,2,large,never,often,10,5.7,7314.91
631,normal,pescatarian,motorbike,7.1,renewable,7231.0,often,7,small,often,rarely,2,4.8,9098.51
632,underweight,vegetarian,walk/cycle,0.0,natural gas,3384.0,always,6,small,always,sometimes,7,1.8,7510.89
633,obese,vegan,walk/cycle,0.0,coal,3867.0,rarely,5,large,never,often,1,4.4,8512.08
634,normal,omnivore,public transport,0.0,natural gas,3552.0,rarely,0,large,rarely,often,10,3.4,5545.71
635,underweight,omnivore,walk/cycle,0.0,natural gas,7916.0,sometimes,0,small,never,sometimes,1,6.0,3964.36
636,obese,vegetarian,walk/cycle,0.0,renewable,4399.0,rarely,7,large,always,rarely,1,1.3,7599.01
637,normal,omnivore,private car,25.3,mixed,7748.0,often,1,large,always,always,2,5.2,6856.71
638,overweight,vegetarian,walk/cycle,0.0,natural gas,1163.0,often,1,small,sometimes,rarely,6,9.3,3490.32
639,normal,pescatarian,public transport,0.0,mixed,4210.0,sometimes,9,small,rarely,never,10,4.2,11405.43
640,obese,vegetarian,walk/cycle,0.0,mixed,7219.0,rarely,0,small,rarely,never,10,7.6,2618.56
641,overweight,omnivore,motorbike,41.3,natural gas,7888.0,sometimes,2,large,sometimes,always,7,4.2,7931.51
642,obese,vegetarian,public transport,0.0,renewable,3699.0,sometimes,7,large,never,sometimes,5,4.7,9349.11
643,obese,vegan,public transport,0.0,natural gas,4790.0,rarely,8,small,always,sometimes,8,2.7,9417.6
644,normal,omnivore,public transport,0.0,coal,6333.0,rarely,3,small,rarely,often,7,10.2,8496.77
645,normal,vegetarian,walk/cycle,0.0,renewable,4083.0,often,4,small,often,sometimes,5,4.3,4755.21
646,obese,vegan,walk/cycle,0.0,renewable,1404.0,sometimes,2,small,often,always,1,4.8,2527.22
647,underweight,vegetarian,motorbike,13.5,coal,7765.0,always,3,large,sometimes,rarely,1,7.1,8116.38
648,overweight,vegetarian,walk/cycle,0.0,natural gas,1974.0,always,3,medium,rarely,never,7,5.9,5476.64
649,obese,vegan,motorbike,31.3,natural gas,4422.0,sometimes,9,medium,rarely,often,5,5.4,12311.85
650,normal,omnivore,public transport,0.0,coal,5345.0,often,3,medium,rarely,never,9,3.2,8691.62
651,underweight,pescatarian,public transport,0.0,renewable,3766.0,always,7,medium,rarely,sometimes,3,1.4,9503.11
652,overweight,vegetarian,public transport,0.0,natural gas,2594.0,rarely,6,large,often,rarely,9,11.6,8713.0
653,obese,omnivore,private car,45.5,renewable,6055.0,always,3,small,sometimes,often,9,6.9,8423.77
654,normal,vegetarian,walk/cycle,0.0,mixed,6559.0,rarely,0,medium,always,never,6,4.0,2460.21
655,obese,omnivore,walk/cycle,0.0,mixed,7140.0,always,3,small,always,never,6,11.4,5570.19
656,normal,vegetarian,private car,49.0,coal,4384.0,sometimes,10,small,never,often,10,10.5,15983.31
657,overweight,vegetarian,motorbike,29.4,renewable,3627.0,always,7,small,often,rarely,5,4.1,8756.25
658,obese,vegan,walk/cycle,0.0,mixed,3706.0,often,8,small,sometimes,often,4,6.6,8508.94
659,normal,vegan,private car,24.6,renewable,5041.0,often,0,small,often,sometimes,7,10.5,3980.93
660,underweight,pescatarian,private car,41.4,natural gas,6352.0,rarely,8,large,rarely,rarely,5,7.3,14313.2
661,normal,vegan,motorbike,47.8,natural gas,2403.0,sometimes,5,medium,sometimes,always,10,2.2,8576.96
662,obese,pescatarian,walk/cycle,0.0,renewable,6929.0,often,5,medium,often,always,8,10.8,6880.96
663,underweight,omnivore,private car,3.1,mixed,7184.0,often,10,large,never,rarely,7,5.9,16224.69
664,underweight,vegan,motorbike,46.3,natural gas,1134.0,often,1,small,rarely,sometimes,1,6.2,4775.18
665,normal,omnivore,public transport,0.0,natural gas,5814.0,rarely,4,medium,always,rarely,7,8.9,7531.0
666,overweight,omnivore,motorbike,15.0,renewable,3511.0,often,3,small,never,rarely,8,9.8,6899.61
667,overweight,omnivore,private car,13.9,coal,2475.0,always,9,large,always,always,7,11.5,14537.35
668,obese,pescatarian,public transport,0.0,coal,3062.0,sometimes,4,small,often,sometimes,4,1.2,7699.25
669,underweight,vegetarian,private car,36.9,coal,6839.0,always,2,large,rarely,always,4,9.1,9281.53
670,normal,vegetarian,public transport,0.0,natural gas,6382.0,sometimes,1,small,sometimes,always,2,8.2,4148.97
671,obese,pescatarian,private car,38.3,natural gas,6921.0,sometimes,8,large,never,sometimes,5,7.7,14543.57
672,normal,pescatarian,motorbike,3.9,natural gas,3853.0,often,1,small,often,often,2,5.5,4712.58
673,obese,pescatarian,public transport,0.0,renewable,1462.0,often,10,large,sometimes,often,4,4.8,11740.06
674,normal,omnivore,private car,47.4,renewable,1506.0,always,0,small,always,never,4,11.5,5190.53
675,underweight,omnivore,public transport,0.0,mixed,4658.0,often,1,medium,never,always,10,4.3,5376.08
676,normal,vegetarian,private car,39.7,natural gas,5950.0,rarely,1,large,often,never,8,1.6,7006.52
677,obese,vegetarian,motorbike,3.6,coal,3820.0,rarely,10,medium,often,rarely,6,4.2,12826.27
678,overweight,omnivore,private car,40.2,renewable,7505.0,often,5,medium,sometimes,often,8,5.5,10283.6
679,underweight,vegetarian,motorbike,45.3,mixed,3250.0,always,4,small,often,often,2,6.2,6962.19
680,underweight,vegetarian,public transport,0.0,coal,7853.0,always,8,medium,never,always,6,7.6,11862.76
681,underweight,vegan,motorbike,17.9,coal,5535.0,always,2,large,often,always,2,2.4,6468.1
682,normal,vegetarian,motorbike,22.5,coal,5101.0,always,0,medium,always,sometimes,7,7.9,4974.32
683,obese,vegetarian,walk/cycle,0.0,renewable,1502.0,sometimes,4,medium,often,never,10,8.5,5328.36
684,overweight,omnivore,public transport,0.0,mixed,6758.0,sometimes,0,small,sometimes,often,1,9.8,3716.57
685,overweight,omnivore,motorbike,27.6,coal,4641.0,always,1,medium,always,always,0,2.6,6288.58
686,overweight,vegetarian,walk/cycle,0.0,natural gas,4477.0,often,7,large,rarely,sometimes,2,4.1,9761.84
687,underweight,pescatarian,private car,6.7,mixed,5407.0,often,0,medium,sometimes,always,10,1.6,5469.14
688,underweight,vegetarian,public transport,0.0,renewable,1001.0,sometimes,8,medium,sometimes,sometimes,4,6.6,9322.4
689,overweight,vegan,private car,2.3,natural gas,2933.0,rarely,2,large,sometimes,sometimes,7,8.8,7071.43
690,obese,pescatarian,public transport,0.0,renewable,1713.0,sometimes,2,large,rarely,rarely,8,5.0,5338.98
691,underweight,omnivore,motorbike,13.5,renewable,6899.0,rarely,2,small,often,sometimes,4,4.4,5477.92
692,overweight,vegetarian,motorbike,21.7,coal,7370.0,sometimes,4,small,never,rarely,2,5.2,8735.04
693,normal,vegetarian,private car,48.2,natural gas,1625.0,sometimes,2,small,often,never,1,8.6,6736.81
694,underweight,omnivore,motorbike,31.6,renewable,5927.0,sometimes,1,small,always,always,0,1.0,4450.57
695,obese,vegan,private car,8.3,renewable,5991.0,rarely,4,large,never,never,1,8.3,8250.35
696,normal,vegetarian,public transport,0.0,coal,3086.0,rarely,1,small,sometimes,always,5,2.2,4899.58
697,overweight,vegetarian,public transport,0.0,renewable,6473.0,rarely,9,small,always,rarely,3,8.1,9214.38
698,overweight,vegetarian,walk/cycle,0.0,renewable,7698.0,sometimes,8,large,often,sometimes,9,6.5,9058.78
699,normal,omnivore,walk/cycle,0.0,natural gas,4029.0,often,6,medium,rarely,always,3,6.0,9375.84
700,obese,vegan,private car,18.5,renewable,1366.0,always,1,large,rarely,often,5,9.4,5294.9
701,overweight,vegan,walk/cycle,0.0,coal,3916.0,always,1,medium,sometimes,often,9,10.0,4373.01
702,overweight,omnivore,public transport,0.0,mixed,5601.0,often,6,small,never,often,10,6.2,9714.43
703,overweight,vegetarian,walk/cycle,0.0,mixed,7161.0,rarely,6,medium,always,never,1,3.4,7205.05
704,normal,omnivore,motorbike,14.8,renewable,1956.0,sometimes,1,medium,rarely,sometimes,3,8.2,5230.3
705,obese,vegan,public transport,0.0,mixed,6170.0,always,4,large,always,always,4,4.5,5870.27
706,obese,pescatarian,motorbike,35.7,mixed,2395.0,always,8,medium,rarely,often,1,10.8,11705.79
707,underweight,pescatarian,motorbike,14.4,mixed,3575.0,sometimes,10,small,never,never,0,1.6,12816.89
708,underweight,omnivore,walk/cycle,0.0,natural gas,2873.0,always,9,large,sometimes,rarely,4,10.2,11977.04
709,underweight,vegan,motorbike,0.7,mixed,3654.0,sometimes,4,large,often,often,8,4.7,6665.08
710,overweight,pescatarian,walk/cycle,0.0,renewable,3830.0,always,1,medium,often,sometimes,6,6.8,2768.52
711,obese,omnivore,walk/cycle,0.0,renewable,5166.0,sometimes,8,large,sometimes,rarely,7,1.1,10321.04
712,obese,vegetarian,private car,26.0,mixed,5743.0,always,1,large,often,always,10,4.4,6453.21
713,obese,omnivore,public transport,0.0,renewable,6418.0,always,4,medium,always,often,9,9.5,6741.36
714,overweight,pescatarian,private car,6.3,renewable,1119.0,rarely,9,small,rarely,sometimes,5,9.5,12542.48
715,underweight,pescatarian,motorbike,40.4,renewable,1841.0,always,5,medium,often,sometimes,0,3.9,7685.36
716,normal,vegetarian,public transport,0.0,coal,3437.0,rarely,1,medium,never,sometimes,2,5.1,5615.2
717,underweight,pescatarian,walk/cycle,0.0,mixed,1009.0,always,9,large,often,sometimes,0,4.3,10414.69
718,obese,vegan,private car,42.4,mixed,1165.0,always,5,large,never,often,1,10.9,10040.88
719,normal,pescatarian,motorbike,39.2,coal,6463.0,sometimes,9,medium,sometimes,often,3,6.0,13307.96
720,obese,vegan,public transport,0.0,coal,1460.0,often,0,medium,always,often,3,3.5,3393.97
721,underweight,vegan,private car,12.3,coal,4389.0,rarely,9,large,often,often,3,9.2,13498.82
722,overweight,vegan,private car,47.9,coal,7599.0,always,10,large,sometimes,rarely,6,9.6,15644.55
723,obese,pescatarian,motorbike,49.6,natural gas,4811.0,rarely,10,large,always,rarely,9,11.6,13231.22
724,obese,vegetarian,motorbike,11.3,coal,2371.0,always,9,large,never,always,3,2.5,13405.55
725,overweight,omnivore,public transport,0.0,natural gas,5357.0,sometimes,10,medium,often,often,5,9.6,12726.02
726,underweight,vegetarian,motorbike,40.6,coal,5452.0,often,10,small,sometimes,always,3,5.3,13645.35
727,obese,vegetarian,walk/cycle,0.0,natural gas,5719.0,sometimes,0,small,sometimes,often,7,3.9,2978.98
728,obese,omnivore,walk/cycle,0.0,natural gas,3034.0,sometimes,4,small,never,sometimes,4,6.2,7498.18
729,normal,vegan,motorbike,44.5,renewable,5954.0,rarely,1,medium,always,sometimes,1,1.7,3493.46
730,obese,pescatarian,walk/cycle,0.0,mixed,1940.0,sometimes,3,small,always,always,1,11.5,5014.39
731,overweight,omnivore,walk/cycle,0.0,natural gas,4708.0,rarely,5,medium,always,often,3,3.7,8014.45
732,obese,vegetarian,public transport,0.0,renewable,1534.0,sometimes,3,medium,often,often,4,4.0,4726.78
733,underweight,omnivore,private car,40.3,renewable,4218.0,often,8,medium,often,rarely,4,7.0,12248.41
734,normal,pescatarian,motorbike,8.3,coal,4119.0,often,0,large,always,never,10,3.3,5411.38
735,underweight,vegetarian,private car,2.5,mixed,6906.0,often,10,large,sometimes,never,8,11.8,14165.94
736,normal,omnivore,motorbike,12.1,renewable,7724.0,always,4,medium,never,rarely,4,3.2,8075.36
737,normal,vegetarian,motorbike,47.6,coal,7964.0,always,0,medium,never,often,7,8.8,6017.39
738,obese,pescatarian,motorbike,13.0,renewable,4059.0,sometimes,4,large,never,sometimes,6,7.5,7802.73
739,overweight,omnivore,walk/cycle,0.0,renewable,1512.0,sometimes,10,medium,rarely,never,6,7.8,11856.81
740,normal,pescatarian,private car,37.9,renewable,2132.0,rarely,2,small,always,rarely,9,6.2,6257.12
741,obese,pescatarian,motorbike,35.9,mixed,2731.0,sometimes,4,small,always,sometimes,4,8.0,6786.58
742,normal,vegan,motorbike,28.3,coal,6401.0,sometimes,6,medium,always,rarely,0,6.5,9231.26
743,underweight,vegetarian,walk/cycle,0.0,mixed,1085.0,sometimes,4,large,rarely,never,6,1.1,6409.12
744,obese,pescatarian,public transport,0.0,renewable,2601.0,often,2,large,never,never,8,8.0,5318.93
745,obese,omnivore,motorbike,11.1,renewable,3252.0,sometimes,3,small,sometimes,sometimes,7,10.3,6334.49
746,obese,vegetarian,motorbike,21.4,natural gas,1204.0,sometimes,4,large,rarely,often,2,6.3,8178.0
747,obese,vegetarian,walk/cycle,0.0,coal,5637.0,often,3,large,often,rarely,5,2.3,6468.76
748,obese,vegan,walk/cycle,0.0,mixed,7437.0,sometimes,5,large,often,rarely,6,11.9,6546.23
749,obese,pescatarian,walk/cycle,0.0,renewable,1314.0,rarely,0,medium,rarely,often,5,9.4,2159.89
750,underweight,vegan,private car,37.7,mixed,7429.0,often,6,large,sometimes,rarely,8,11.5,10581.86
751,underweight,vegetarian,private car,28.9,natural gas,3500.0,always,5,medium,rarely,never,5,9.7,10503.36
752,obese,vegetarian,private car,17.9,renewable,5596.0,often,0,small,often,sometimes,5,3.6,3934.61
753,obese,pescatarian,private car,9.6,coal,7428.0,often,6,small,sometimes,often,2,2.1,11452.64
754,obese,vegan,public transport,0.0,natural gas,1273.0,rarely,3,small,never,often,4,1.4,5602.54
755,normal,omnivore,motorbike,8.8,renewable,7067.0,always,0,medium,sometimes,always,7,4.1,4230.42
756,obese,omnivore,walk/cycle,0.0,natural gas,4056.0,rarely,5,small,rarely,sometimes,2,7.4,8355.73
757,normal,pescatarian,public transport,0.0,renewable,4617.0,sometimes,6,small,rarely,often,10,9.3,8120.56
758,underweight,pescatarian,walk/cycle,0.0,coal,7259.0,rarely,6,medium,always,never,5,11.4,8712.17
759,normal,vegan,walk/cycle,0.0,mixed,7248.0,always,7,large,sometimes,always,10,5.6,8738.35
760,underweight,pescatarian,walk/cycle,0.0,mixed,4483.0,often,9,small,rarely,never,10,3.3,11062.68
761,overweight,pescatarian,walk/cycle,0.0,renewable,5138.0,always,1,medium,sometimes,rarely,3,3.0,3341.09
762,obese,vegan,walk/cycle,0.0,natural gas,2450.0,sometimes,6,medium,sometimes,rarely,1,1.8,7508.86
763,overweight,omnivore,motorbike,3.5,coal,7585.0,sometimes,5,large,never,sometimes,8,6.6,11527.59
764,normal,omnivore,motorbike,41.8,mixed,3325.0,always,4,large,always,often,1,8.6,8048.82
765,obese,pescatarian,public transport,0.0,mixed,6398.0,always,1,small,always,sometimes,7,8.2,3703.68
766,normal,vegetarian,motorbike,21.3,renewable,1263.0,often,7,medium,never,often,4,2.4,9474.6
767,normal,vegetarian,private car,38.3,natural gas,1000.0,always,4,large,never,always,1,5.6,9909.14
768,underweight,vegan,motorbike,48.7,mixed,2583.0,rarely,7,large,always,sometimes,5,4.3,9291.45
769,overweight,vegan,walk/cycle,0.0,renewable,3128.0,always,2,small,often,never,1,3.5,2870.29
770,obese,pescatarian,private car,42.4,mixed,3958.0,always,9,medium,sometimes,rarely,3,4.3,13676.64
771,normal,vegan,private car,16.3,renewable,5988.0,always,8,small,never,often,1,10.0,11204.86
772,underweight,vegetarian,motorbike,45.1,mixed,6647.0,always,10,large,always,often,4,11.8,12014.91
773,overweight,omnivore,private car,37.7,renewable,3752.0,sometimes,2,small,rarely,never,0,7.5,7287.77
774,normal,vegan,public transport,0.0,mixed,4811.0,sometimes,10,small,often,always,3,8.8,10631.35
775,underweight,pescatarian,motorbike,8.4,natural gas,6464.0,always,6,small,never,rarely,2,7.4,10080.77
776,obese,omnivore,motorbike,14.8,renewable,6001.0,always,9,small,rarely,sometimes,9,9.3,11911.89
777,obese,vegan,private car,5.1,renewable,4597.0,rarely,10,large,often,often,7,6.6,12678.77
778,overweight,vegan,motorbike,41.4,mixed,5880.0,always,8,large,always,often,3,8.9,10087.24
779,underweight,vegan,motorbike,23.1,coal,7447.0,rarely,4,large,often,often,1,8.6,8411.95
780,obese,pescatarian,motorbike,13.7,mixed,6649.0,rarely,2,medium,rarely,often,5,3.1,6157.81
781,obese,vegetarian,public transport,0.0,coal,3417.0,always,2,medium,often,often,10,4.7,6155.15
782,overweight,omnivore,public transport,0.0,natural gas,4935.0,often,1,large,often,rarely,2,11.4,5863.72
783,normal,vegetarian,motorbike,24.8,renewable,3664.0,always,7,medium,rarely,rarely,8,2.8,9633.07
784,underweight,vegan,private car,19.2,coal,1176.0,often,10,small,rarely,always,0,10.2,14679.19
785,underweight,pescatarian,motorbike,0.6,renewable,5926.0,sometimes,1,large,rarely,often,4,11.7,4615.77
786,overweight,pescatarian,walk/cycle,0.0,coal,5934.0,sometimes,8,large,never,never,7,10.0,12253.15
787,obese,vegan,walk/cycle,0.0,renewable,4825.0,rarely,8,small,rarely,never,3,11.6,8377.36
788,overweight,vegetarian,private car,35.9,mixed,7038.0,always,1,small,sometimes,sometimes,2,3.0,5867.33
789,underweight,vegetarian,motorbike,40.0,mixed,4869.0,rarely,3,medium,sometimes,sometimes,8,5.4,6613.75
790,normal,vegan,private car,14.5,coal,7100.0,always,5,large,rarely,rarely,8,8.4,11137.15
791,obese,vegetarian,public transport,0.0,mixed,6577.0,always,6,medium,always,sometimes,0,3.8,7705.56
792,obese,vegetarian,walk/cycle,0.0,renewable,6830.0,rarely,5,medium,often,rarely,6,11.0,6483.19
793,underweight,omnivore,walk/cycle,0.0,natural gas,1085.0,rarely,10,large,always,sometimes,6,8.4,11994.52
794,obese,pescatarian,private car,14.4,coal,3147.0,rarely,4,large,always,rarely,6,4.9,9762.1
795,obese,vegetarian,motorbike,31.1,coal,3338.0,always,3,medium,never,never,8,9.1,8161.62
796,overweight,omnivore,public transport,0.0,coal,6486.0,sometimes,1,large,always,sometimes,8,4.1,6317.93
797,overweight,vegetarian,walk/cycle,0.0,renewable,4029.0,often,3,medium,often,always,1,8.5,4182.3
798,underweight,pescatarian,private car,18.7,coal,7611.0,rarely,0,large,never,often,4,8.1,7837.55
799,underweight,omnivore,private car,33.6,natural gas,5426.0,sometimes,5,medium,sometimes,always,10,3.2,11634.99
800,normal,omnivore,public transport,0.0,renewable,1710.0,often,8,large,rarely,sometimes,7,4.1,10937.55
801,underweight,vegetarian,motorbike,13.8,mixed,4024.0,rarely,1,small,often,rarely,7,11.8,4178.22
802,normal,omnivore,walk/cycle,0.0,coal,2256.0,always,9,large,always,often,4,11.7,11810.05
803,obese,omnivore,motorbike,5.7,mixed,3825.0,always,2,small,always,rarely,7,9.1,5516.01
804,obese,vegetarian,walk/cycle,0.0,natural gas,3426.0,always,7,small,rarely,always,5,5.4,9247.02
805,underweight,omnivore,walk/cycle,0.0,renewable,2850.0,often,9,medium,never,always,2,3.3,10773.38
806,underweight,pescatarian,private car,14.4,coal,5597.0,often,4,medium,never,rarely,2,11.7,10853.64
807,obese,vegan,private car,30.2,coal,1539.0,sometimes,2,large,often,never,1,1.8,7787.21
808,overweight,vegan,walk/cycle,0.0,mixed,1644.0,always,9,medium,always,often,5,7.6,9011.07
809,obese,omnivore,public transport,0.0,natural gas,5366.0,always,7,large,often,rarely,5,8.1,10941.84
810,underweight,omnivore,motorbike,30.5,natural gas,3190.0,always,5,large,never,often,4,4.0,10729.05
811,underweight,vegetarian,walk/cycle,0.0,coal,5184.0,rarely,10,large,never,rarely,9,10.5,13716.92
812,underweight,vegetarian,motorbike,10.1,renewable,5113.0,rarely,10,large,rarely,never,4,8.7,12412.96
813,normal,vegetarian,motorbike,34.0,renewable,3857.0,often,6,large,never,often,0,1.2,8885.18
814,overweight,omnivore,public transport,0.0,mixed,4152.0,rarely,8,medium,often,sometimes,1,11.5,10613.53
815,underweight,vegan,public transport,0.0,coal,3793.0,sometimes,2,medium,never,rarely,4,10.2,6096.34
816,obese,vegetarian,walk/cycle,0.0,coal,7839.0,sometimes,0,large,never,sometimes,6,2.1,4440.0
817,underweight,pescatarian,public transport,0.0,mixed,1058.0,often,4,medium,never,never,3,5.8,7134.7
818,normal,vegetarian,motorbike,45.7,mixed,4038.0,rarely,4,small,sometimes,often,8,3.8,7226.7
819,obese,vegan,motorbike,21.7,renewable,6064.0,always,10,small,never,sometimes,8,1.1,12042.14
820,underweight,vegetarian,public transport,0.0,coal,5464.0,always,7,small,always,rarely,2,3.7,9508.99
821,overweight,vegetarian,public transport,0.0,mixed,5998.0,always,0,small,often,always,4,2.0,2748.84
822,normal,vegan,walk/cycle,0.0,mixed,6171.0,often,9,medium,often,sometimes,10,1.2,9643.74
823,normal,pescatarian,walk/cycle,0.0,natural gas,2739.0,rarely,4,small,often,never,2,3.4,6147.05
824,overweight,omnivore,public transport,0.0,coal,1438.0,often,10,medium,often,sometimes,3,6.0,13235.37
825,overweight,pescatarian,public transport,0.0,mixed,6129.0,often,0,large,rarely,never,9,7.7,4179.37
826,obese,vegan,walk/cycle,0.0,natural gas,7660.0,always,8,large,often,often,8,10.2,9902.91
827,underweight,vegan,walk/cycle,0.0,mixed,6636.0,rarely,5,medium,always,sometimes,6,10.1,6094.66
828,normal,vegan,walk/cycle,0.0,mixed,2402.0,often,3,medium,never,rarely,0,7.8,4809.5
829,overweight,pescatarian,public transport,0.0,renewable,6200.0,often,3,small,often,sometimes,0,9.1,4946.43
830,overweight,omnivore,public transport,0.0,renewable,3598.0,sometimes,10,medium,never,sometimes,9,11.1,12866.59
831,obese,vegetarian,public transport,0.0,natural gas,5091.0,rarely,9,small,never,rarely,4,6.9,11525.65
832,normal,pescatarian,public transport,0.0,renewable,7267.0,often,10,large,often,never,6,8.3,11501.09
833,underweight,pescatarian,motorbike,39.4,mixed,4180.0,often,1,large,always,often,7,7.9,5482.93
834,overweight,vegan,public transport,0.0,renewable,3993.0,often,6,large,often,sometimes,0,5.9,7077.36
835,obese,vegetarian,private car,32.5,renewable,7554.0,rarely,3,large,often,never,3,1.7,7435.99
836,normal,vegetarian,private car,22.2,coal,1153.0,rarely,10,large,never,never,7,4.3,16272.59
837,obese,vegan,private car,25.1,coal,1393.0,sometimes,1,medium,rarely,sometimes,0,6.4,6893.98
838,overweight,vegetarian,walk/cycle,0.0,mixed,5586.0,rarely,10,medium,always,never,1,3.9,10379.05
839,underweight,vegan,motorbike,8.0,coal,2123.0,rarely,2,small,often,never,4,1.8,5660.42
840,obese,vegan,walk/cycle,0.0,renewable,7172.0,rarely,4,medium,often,never,9,10.0,4930.48
841,obese,vegetarian,walk/cycle,0.0,mixed,5796.0,always,7,medium,always,always,1,2.2,7629.61
842,overweight,vegan,motorbike,12.5,coal,4605.0,sometimes,1,small,never,always,1,6.9,5149.19
843,normal,vegetarian,private car,17.8,coal,3477.0,always,7,large,always,often,2,10.1,11693.42
844,normal,vegetarian,walk/cycle,0.0,renewable,7397.0,sometimes,4,large,often,always,10,11.5,6024.89
845,overweight,pescatarian,public transport,0.0,natural gas,3287.0,always,4,large,sometimes,sometimes,5,4.9,7956.33
846,underweight,vegetarian,walk/cycle,0.0,natural gas,7134.0,rarely,6,medium,rarely,rarely,10,2.1,8701.5
847,normal,vegan,private car,19.6,natural gas,4874.0,always,7,large,sometimes,always,9,6.5,11904.19
848,overweight,pescatarian,motorbike,33.8,coal,6865.0,sometimes,1,medium,never,often,3,10.4,6997.22
849,underweight,vegetarian,public transport,0.0,mixed,6238.0,sometimes,3,medium,sometimes,often,3,5.8,5496.45
850,obese,vegetarian,walk/cycle,0.0,coal,5716.0,rarely,1,medium,never,always,1,3.0,4899.65
851,normal,pescatarian,motorbike,34.7,natural gas,2607.0,often,0,small,rarely,rarely,4,2.3,4844.35
852,normal,vegetarian,private car,25.7,natural gas,2130.0,often,8,small,rarely,rarely,0,1.9,12594.55
853,normal,pescatarian,walk/cycle,0.0,renewable,1134.0,sometimes,6,large,never,sometimes,3,2.8,8032.55
854,overweight,omnivore,public transport,0.0,coal,3480.0,often,10,small,always,always,6,2.2,12714.62
855,underweight,vegan,public transport,0.0,natural gas,2557.0,sometimes,3,large,often,sometimes,5,6.7,5716.62
856,obese,vegetarian,walk/cycle,0.0,natural gas,1404.0,often,2,medium,rarely,never,10,5.3,5012.71
857,overweight,vegetarian,motorbike,11.7,natural gas,2537.0,rarely,7,large,always,never,2,11.6,9814.16
858,obese,pescatarian,motorbike,20.8,mixed,4003.0,sometimes,5,large,sometimes,always,7,6.9,9234.86
859,obese,omnivore,private car,34.8,mixed,5915.0,rarely,3,small,rarely,often,3,2.9,8558.65
860,obese,vegetarian,private car,43.5,mixed,5420.0,always,9,small,sometimes,sometimes,8,6.9,13046.38
861,underweight,vegetarian,walk/cycle,0.0,coal,1808.0,always,8,medium,rarely,always,0,7.7,10697.69
862,obese,pescatarian,motorbike,7.1,mixed,5845.0,always,6,medium,sometimes,often,5,3.3,9079.25
863,overweight,omnivore,walk/cycle,0.0,natural gas,3743.0,always,3,medium,never,sometimes,1,10.9,6931.89
864,overweight,vegan,private car,21.0,natural gas,1127.0,rarely,1,small,sometimes,never,8,9.7,5680.64
865,normal,pescatarian,public transport,0.0,coal,1483.0,often,4,large,sometimes,rarely,9,6.2,8955.14
866,normal,pescatarian,walk/cycle,0.0,coal,5820.0,often,5,medium,often,always,10,3.8,8634.45
867,underweight,omnivore,public transport,0.0,mixed,1070.0,sometimes,3,large,rarely,often,3,9.0,7275.5
868,obese,omnivore,private car,41.1,renewable,6903.0,often,3,medium,often,rarely,7,6.3,8423.68
869,obese,vegan,private car,16.7,natural gas,6541.0,sometimes,4,large,never,often,10,6.0,9887.61
870,overweight,pescatarian,public transport,0.0,mixed,7178.0,always,10,medium,always,sometimes,5,6.1,11280.87
871,underweight,vegan,public transport,0.0,natural gas,1530.0,often,9,large,always,always,9,5.3,10430.2
872,obese,omnivore,public transport,0.0,mixed,4792.0,rarely,8,medium,rarely,often,1,11.6,11396.99
873,overweight,omnivore,private car,3.3,renewable,5538.0,sometimes,1,large,always,rarely,0,1.8,6203.08
874,obese,vegan,public transport,0.0,natural gas,4034.0,rarely,6,medium,rarely,rarely,4,12.0,8591.08
875,underweight,omnivore,walk/cycle,0.0,coal,4913.0,rarely,2,medium,often,often,2,4.5,6207.29
876,underweight,vegetarian,motorbike,18.6,mixed,1481.0,rarely,6,small,rarely,rarely,4,5.1,8469.12
877,obese,omnivore,public transport,0.0,coal,4250.0,sometimes,8,large,often,sometimes,3,9.0,12422.51
878,underweight,vegetarian,motorbike,0.4,renewable,2524.0,always,9,small,always,sometimes,9,8.3,9724.18
879,obese,omnivore,motorbike,24.2,renewable,1037.0,rarely,4,large,often,sometimes,4,9.8,7706.5
880,obese,vegetarian,motorbike,3.3,natural gas,6366.0,sometimes,9,large,often,often,6,7.4,12115.01
881,normal,vegan,motorbike,39.1,renewable,6262.0,sometimes,2,medium,always,sometimes,10,9.8,4490.25
882,underweight,vegetarian,motorbike,33.6,mixed,5343.0,rarely,5,small,never,always,5,9.2,8421.74
883,obese,omnivore,public transport,0.0,coal,2189.0,sometimes,8,small,often,never,1,3.1,11425.3
884,obese,omnivore,private car,45.4,mixed,6311.0,sometimes,6,small,never,sometimes,1,7.6,12072.03
885,normal,pescatarian,motorbike,32.7,mixed,7224.0,always,1,small,always,rarely,7,7.4,4628.54
886,normal,omnivore,private car,23.7,natural gas,6015.0,sometimes,0,large,never,rarely,4,4.0,7675.94
887,underweight,omnivore,public transport,0.0,renewable,2416.0,rarely,10,medium,rarely,often,5,4.5,12249.77
888,normal,vegetarian,walk/cycle,0.0,natural gas,3974.0,always,0,large,always,never,6,11.0,3142.95
889,overweight,omnivore,walk/cycle,0.0,renewable,4549.0,rarely,6,small,rarely,sometimes,3,3.1,8018.82
890,normal,vegan,walk/cycle,0.0,mixed,3680.0,rarely,0,medium,rarely,never,3,10.0,2058.62
891,underweight,vegetarian,public transport,0.0,renewable,5617.0,always,8,small,sometimes,sometimes,8,9.8,9371.9
892,normal,vegetarian,motorbike,13.2,mixed,7573.0,rarely,3,small,never,sometimes,5,8.0,6241.87
893,normal,vegan,motorbike,16.2,coal,2887.0,rarely,6,small,often,rarely,1,3.1,8816.48
894,overweight,pescatarian,walk/cycle,0.0,renewable,5167.0,sometimes,6,medium,always,often,1,3.9,6993.25
895,normal,pescatarian,walk/cycle,0.0,coal,5634.0,always,10,large,rarely,sometimes,2,10.0,13769.76
896,overweight,omnivore,walk/cycle,0.0,coal,2314.0,rarely,9,large,often,often,8,2.0,12603.58
897,normal,vegan,public transport,0.0,renewable,5893.0,rarely,4,small,often,rarely,9,5.1,5189.39
898,underweight,vegan,public transport,0.0,coal,2817.0,always,4,small,rarely,often,3,1.4,7187.99
899,underweight,vegetarian,motorbike,44.0,coal,2704.0,sometimes,4,medium,never,always,6,7.1,9260.5
900,overweight,vegan,public transport,0.0,coal,3261.0,often,3,small,always,never,10,10.9,5919.89
901,normal,vegetarian,motorbike,44.4,coal,3277.0,sometimes,7,large,never,never,7,10.9,12378.48
902,underweight,vegetarian,walk/cycle,0.0,natural gas,5037.0,sometimes,2,small,rarely,always,8,1.7,4809.37
903,normal,vegetarian,walk/cycle,0.0,mixed,1664.0,always,4,small,rarely,rarely,6,12.0,5939.75
904,normal,vegetarian,private car,40.3,coal,7006.0,always,10,small,sometimes,often,1,12.0,14987.87
905,overweight,omnivore,motorbike,12.1,natural gas,1282.0,always,7,medium,always,always,6,5.5,10461.15
906,normal,omnivore,walk/cycle,0.0,mixed,4963.0,always,1,medium,always,always,2,4.4,3916.26
907,normal,pescatarian,motorbike,32.7,mixed,2624.0,often,7,medium,often,always,9,1.2,10124.71
908,obese,vegan,private car,38.1,natural gas,1273.0,always,3,small,rarely,never,0,10.2,8075.75
909,overweight,omnivore,motorbike,31.0,mixed,4944.0,always,5,medium,often,sometimes,10,7.9,9137.3
910,underweight,omnivore,walk/cycle,0.0,renewable,5067.0,always,9,small,rarely,often,4,11.9,10929.27
911,overweight,omnivore,private car,37.8,renewable,4096.0,always,6,large,rarely,rarely,7,8.8,11625.3
912,underweight,pescatarian,walk/cycle,0.0,natural gas,5178.0,often,9,medium,rarely,sometimes,3,11.2,11540.7
913,normal,vegan,walk/cycle,0.0,renewable,7504.0,always,6,large,always,never,8,4.8,6523.0
914,normal,omnivore,public transport,0.0,mixed,7969.0,often,4,large,always,often,9,11.8,7665.25
915,overweight,omnivore,walk/cycle,0.0,renewable,5547.0,often,2,medium,rarely,often,4,9.8,4999.21
916,underweight,vegetarian,motorbike,2.7,renewable,4183.0,rarely,1,large,often,always,6,8.4,4300.16
917,overweight,omnivore,public transport,0.0,natural gas,5743.0,often,2,large,rarely,rarely,7,5.1,7397.58
918,normal,vegan,motorbike,34.9,natural gas,5540.0,sometimes,3,small,rarely,rarely,4,4.0,6625.84
919,obese,omnivore,walk/cycle,0.0,natural gas,2093.0,rarely,4,small,often,never,4,8.0,6723.38
920,underweight,pescatarian,walk/cycle,0.0,natural gas,5936.0,always,7,large,never,never,0,6.0,10412.82
921,overweight,vegan,walk/cycle,0.0,renewable,5674.0,sometimes,8,small,often,always,8,10.2,8106.11
922,overweight,omnivore,motorbike,35.0,coal,6867.0,always,5,medium,sometimes,sometimes,3,9.8,10893.16
923,overweight,omnivore,motorbike,48.0,renewable,4752.0,often,5,small,never,often,6,6.4,8936.12
924,normal,vegan,walk/cycle,0.0,coal,5008.0,sometimes,5,medium,always,often,8,4.0,7195.87
925,obese,vegetarian,walk/cycle,0.0,coal,7449.0,rarely,10,medium,never,sometimes,10,7.4,13085.59
926,obese,vegetarian,motorbike,2.6,mixed,1222.0,rarely,5,medium,often,never,6,5.7,7561.07
927,overweight,vegetarian,public transport,0.0,renewable,1592.0,sometimes,7,small,sometimes,always,7,7.7,7968.68
928,normal,omnivore,walk/cycle,0.0,mixed,7041.0,sometimes,3,small,rarely,never,1,10.7,6158.68
929,obese,vegan,public transport,0.0,coal,2377.0,always,4,small,sometimes,often,10,9.1,7363.66
930,underweight,vegetarian,motorbike,49.9,renewable,1210.0,often,3,large,always,never,10,10.9,5993.1
931,overweight,omnivore,motorbike,31.1,mixed,7814.0,sometimes,3,medium,never,sometimes,1,6.1,7870.74
932,underweight,vegan,private car,48.8,natural gas,6719.0,rarely,9,medium,rarely,sometimes,6,10.4,14035.44
933,underweight,pescatarian,walk/cycle,0.0,natural gas,7566.0,always,6,medium,sometimes,rarely,8,1.9,8770.49
934,normal,vegan,motorbike,10.5,renewable,2606.0,always,5,small,sometimes,rarely,7,6.2,6585.16
935,obese,vegetarian,private car,13.4,natural gas,1707.0,rarely,9,medium,sometimes,always,1,2.8,12801.8
936,overweight,omnivore,public transport,0.0,mixed,6588.0,often,6,small,sometimes,rarely,3,4.6,8922.71
937,normal,vegan,public transport,0.0,mixed,3096.0,always,4,large,rarely,never,8,3.6,6636.96
938,obese,pescatarian,motorbike,17.8,mixed,5718.0,often,6,medium,never,always,4,1.7,9702.88
939,overweight,vegetarian,motorbike,10.5,renewable,6663.0,sometimes,5,large,never,sometimes,7,2.6,8358.83
940,normal,vegetarian,motorbike,7.7,mixed,1579.0,often,2,small,rarely,rarely,10,6.3,5095.26
941,underweight,pescatarian,walk/cycle,0.0,natural gas,3117.0,always,6,large,rarely,never,1,7.2,9116.75
942,overweight,omnivore,public transport,0.0,renewable,5065.0,rarely,8,large,sometimes,always,6,6.6,10874.45
943,normal,omnivore,public transport,0.0,renewable,2009.0,rarely,3,medium,often,sometimes,9,7.9,5919.17
944,normal,omnivore,walk/cycle,0.0,mixed,1576.0,always,4,large,often,sometimes,0,6.1,6578.18
945,underweight,vegan,walk/cycle,0.0,renewable,3145.0,always,10,large,always,rarely,0,10.0,9536.87
946,obese,pescatarian,walk/cycle,0.0,natural gas,4209.0,always,7,large,often,sometimes,9,9.0,9629.48
947,normal,vegan,private car,28.7,renewable,5670.0,sometimes,6,large,never,often,8,9.5,10486.88
948,obese,vegan,walk/cycle,0.0,natural gas,4766.0,rarely,2,large,rarely,never,8,10.2,5197.58
949,obese,pescatarian,walk/cycle,0.0,renewable,7926.0,sometimes,9,small,rarely,never,8,10.8,10253.76
950,overweight,vegan,walk/cycle,0.0,renewable,4426.0,often,5,large,rarely,often,10,9.2,6504.13
951,underweight,vegetarian,private car,24.6,renewable,4382.0,often,10,large,often,rarely,9,10.2,13446.01
952,obese,pescatarian,private car,20.3,natural gas,3298.0,rarely,10,small,rarely,never,3,6.0,14762.04
953,normal,pescatarian,public transport,0.0,natural gas,6337.0,sometimes,9,medium,sometimes,rarely,9,2.4,12019.6
954,obese,vegan,private car,29.0,coal,4427.0,always,10,small,often,often,1,8.1,13765.7
955,overweight,omnivore,public transport,0.0,natural gas,2609.0,rarely,10,large,sometimes,rarely,5,7.1,13760.42
956,normal,omnivore,public transport,0.0,coal,1989.0,always,6,small,always,rarely,1,7.3,9154.99
957,overweight,vegan,walk/cycle,0.0,mixed,2297.0,rarely,5,large,never,sometimes,5,4.1,6914.67
958,overweight,vegetarian,public transport,0.0,coal,6780.0,rarely,1,medium,rarely,often,1,4.1,5318.93
959,underweight,vegetarian,private car,46.4,mixed,7789.0,rarely,8,medium,always,sometimes,8,7.3,11650.13
960,overweight,vegan,walk/cycle,0.0,natural gas,6584.0,often,6,small,sometimes,always,8,5.0,7563.83
961,obese,omnivore,public transport,0.0,coal,1609.0,rarely,10,large,rarely,rarely,2,7.1,14673.46
962,obese,pescatarian,walk/cycle,0.0,coal,2226.0,sometimes,10,large,often,often,2,8.4,12725.12
963,obese,pescatarian,motorbike,11.0,coal,2527.0,often,6,large,rarely,sometimes,10,10.6,11239.62
964,underweight,pescatarian,motorbike,0.0,coal,7095.0,rarely,10,small,never,rarely,1,9.7,14148.75
965,normal,vegan,walk/cycle,0.0,coal,5391.0,always,0,medium,always,rarely,7,9.3,3298.57
966,obese,vegan,motorbike,17.6,renewable,1656.0,sometimes,0,large,often,always,5,6.3,2729.43
967,normal,vegan,motorbike,46.0,natural gas,1280.0,sometimes,2,small,sometimes,rarely,8,4.2,5540.77
968,overweight,vegan,motorbike,45.4,mixed,4276.0,always,2,medium,never,sometimes,10,6.1,5745.87
969,normal,vegan,private car,38.0,coal,2081.0,always,4,medium,rarely,never,10,6.4,10422.17
970,obese,vegetarian,private car,50.0,renewable,6386.0,always,9,medium,never,sometimes,0,5.4,13113.15
971,obese,pescatarian,private car,41.4,coal,2195.0,rarely,0,medium,rarely,often,5,1.3,7253.97
972,underweight,vegan,motorbike,25.5,mixed,5306.0,sometimes,1,large,always,rarely,6,11.0,4266.76
973,underweight,omnivore,walk/cycle,0.0,natural gas,4569.0,often,3,medium,often,sometimes,4,6.5,6139.76
974,overweight,omnivore,public transport,0.0,coal,6874.0,rarely,7,large,often,rarely,2,2.8,11695.87
975,overweight,omnivore,walk/cycle,0.0,coal,1175.0,sometimes,1,small,sometimes,never,2,5.9,5118.39
976,obese,omnivore,private car,30.4,renewable,2967.0,sometimes,10,small,often,sometimes,1,2.9,13447.71
977,obese,omnivore,motorbike,19.0,natural gas,6610.0,often,6,large,often,rarely,1,5.3,10406.32
978,underweight,vegan,public transport,0.0,natural gas,6409.0,often,8,small,rarely,never,10,3.6,10399.09
979,overweight,omnivore,walk/cycle,0.0,mixed,5742.0,always,4,medium,often,never,6,7.2,6817.64
980,normal,vegetarian,public transport,0.0,natural gas,1463.0,often,1,medium,rarely,often,3,1.2,4485.95
981,obese,vegan,public transport,0.0,natural gas,6788.0,sometimes,3,small,rarely,often,0,6.8,5583.43
982,overweight,vegetarian,public transport,0.0,mixed,3416.0,rarely,9,small,never,never,6,1.3,11075.55
983,obese,pescatarian,public transport,0.0,natural gas,7730.0,often,6,medium,never,always,6,8.3,9932.07
984,underweight,pescatarian,walk/cycle,0.0,coal,5280.0,often,4,medium,often,rarely,5,8.5,7575.29
985,underweight,vegetarian,walk/cycle,0.0,renewable,3223.0,rarely,10,large,sometimes,rarely,4,10.3,10681.56
986,obese,pescatarian,walk/cycle,0.0,mixed,2971.0,sometimes,4,medium,sometimes,sometimes,4,11.6,6493.62
987,underweight,vegan,walk/cycle,0.0,natural gas,1072.0,often,5,large,sometimes,always,8,8.9,7429.88
988,overweight,vegetarian,private car,49.5,natural gas,3183.0,always,1,small,rarely,always,1,4.7,6961.98
989,underweight,vegetarian,public transport,0.0,mixed,1553.0,rarely,1,large,always,sometimes,4,5.9,3710.83
990,obese,vegetarian,public transport,0.0,renewable,6842.0,sometimes,3,medium,always,sometimes,8,11.3,4735.98
991,overweight,pescatarian,motorbike,9.3,renewable,3608.0,always,1,medium,often,always,8,11.2,4346.76
992,underweight,vegetarian,private car,7.5,natural gas,7777.0,often,0,large,never,rarely,6,5.9,6268.2
993,obese,vegan,public transport,0.0,mixed,4511.0,always,8,medium,often,always,4,3.7,9495.29
994,normal,vegetarian,walk/cycle,0.0,natural gas,6258.0,sometimes,9,large,never,always,7,9.3,11860.06
995,overweight,pescatarian,public transport,0.0,coal,5045.0,often,8,small,rarely,rarely,0,10.9,11806.94
996,normal,pescatarian,walk/cycle,0.0,natural gas,1389.0,often,2,medium,never,rarely,3,1.1,5375.3
997,underweight,vegan,private car,10.6,coal,5645.0,often,1,large,always,sometimes,2,5.5,6789.33
998,obese,pescatarian,private car,44.8,renewable,7364.0,rarely,5,small,sometimes,rarely,4,4.5,9469.46
999,underweight,vegan,motorbike,34.6,coal,2901.0,sometimes,7,small,sometimes,sometimes,3,3.1,10356.45
1000,obese,vegetarian,motorbike,21.5,natural gas,6817.0,always,5,small,often,never,7,2.3,8026.16
